idx_NUTS3,1,2,3,4,5,6,7
BE100,0.299,0.34,0.025,0.025,0.052,0.157,0.157
BE211,0.299,0.34,0.025,0.025,0.052,0.157,0.157
BE212,0.299,0.34,0.025,0.025,0.052,0.157,0.157
BE213,0.299,0.34,0.025,0.025,0.052,0.157,0.157
BE221,0.299,0.34,0.025,0.025,0.052,0.157,0.157
BE222,0.299,0.34,0.025,0.025,0.052,0.157,0.157
BE223,0.299,0.34,0.025,0.025,0.052,0.157,0.157
BE231,0.299,0.34,0.025,0.025,0.052,0.157,0.157
BE232,0.299,0.34,0.025,0.025,0.052,0.157,0.157
BE233,0.299,0.34,0.025,0.025,0.052,0.157,0.157
BE234,0.299,0.34,0.025,0.025,0.052,0.157,0.157
BE235,0.299,0.34,0.025,0.025,0.052,0.157,0.157
BE236,0.299,0.34,0.025,0.025,0.052,0.157,0.157
BE241,0.299,0.34,0.025,0.025,0.052,0.157,0.157
BE242,0.299,0.34,0.025,0.025,0.052,0.157,0.157
BE251,0.299,0.34,0.025,0.025,0.052,0.157,0.157
BE252,0.299,0.34,0.025,0.025,0.052,0.157,0.157
BE253,0.299,0.34,0.025,0.025,0.052,0.157,0.157
BE254,0.299,0.34,0.025,0.025,0.052,0.157,0.157
BE255,0.299,0.34,0.025,0.025,0.052,0.157,0.157
BE256,0.299,0.34,0.025,0.025,0.052,0.157,0.157
BE257,0.299,0.34,0.025,0.025,0.052,0.157,0.157
BE258,0.299,0.34,0.025,0.025,0.052,0.157,0.157
BE310,0.299,0.34,0.025,0.025,0.052,0.157,0.157
BE321,0.299,0.34,0.025,0.025,0.052,0.157,0.157
BE322,0.299,0.34,0.025,0.025,0.052,0.157,0.157
BE323,0.299,0.34,0.025,0.025,0.052,0.157,0.157
BE324,0.299,0.34,0.025,0.025,0.052,0.157,0.157
BE325,0.299,0.34,0.025,0.025,0.052,0.157,0.157
BE326,0.299,0.34,0.025,0.025,0.052,0.157,0.157
BE327,0.299,0.34,0.025,0.025,0.052,0.157,0.157
BE331,0.299,0.34,0.025,0.025,0.052,0.157,0.157
BE332,0.299,0.34,0.025,0.025,0.052,0.157,0.157
BE334,0.299,0.34,0.025,0.025,0.052,0.157,0.157
BE335,0.299,0.34,0.025,0.025,0.052,0.157,0.157
BE336,0.299,0.34,0.025,0.025,0.052,0.157,0.157
BE341,0.299,0.34,0.025,0.025,0.052,0.157,0.157
BE342,0.299,0.34,0.025,0.025,0.052,0.157,0.157
BE343,0.299,0.34,0.025,0.025,0.052,0.157,0.157
BE344,0.299,0.34,0.025,0.025,0.052,0.157,0.157
BE345,0.299,0.34,0.025,0.025,0.052,0.157,0.157
BE351,0.299,0.34,0.025,0.025,0.052,0.157,0.157
BE352,0.299,0.34,0.025,0.025,0.052,0.157,0.157
BE353,0.299,0.34,0.025,0.025,0.052,0.157,0.157
BEZZZ,0.299,0.34,0.025,0.025,0.052,0.157,0.157
BG311,0.299,0.34,0.025,0.025,0.052,0.157,0.157
BG312,0.299,0.34,0.025,0.025,0.052,0.157,0.157
BG313,0.299,0.34,0.025,0.025,0.052,0.157,0.157
BG314,0.299,0.34,0.025,0.025,0.052,0.157,0.157
BG315,0.299,0.34,0.025,0.025,0.052,0.157,0.157
BG321,0.299,0.34,0.025,0.025,0.052,0.157,0.157
BG322,0.299,0.34,0.025,0.025,0.052,0.157,0.157
BG323,0.299,0.34,0.025,0.025,0.052,0.157,0.157
BG324,0.299,0.34,0.025,0.025,0.052,0.157,0.157
BG325,0.299,0.34,0.025,0.025,0.052,0.157,0.157
BG331,0.299,0.34,0.025,0.025,0.052,0.157,0.157
BG332,0.299,0.34,0.025,0.025,0.052,0.157,0.157
BG333,0.299,0.34,0.025,0.025,0.052,0.157,0.157
BG334,0.299,0.34,0.025,0.025,0.052,0.157,0.157
BG341,0.299,0.34,0.025,0.025,0.052,0.157,0.157
BG342,0.299,0.34,0.025,0.025,0.052,0.157,0.157
BG343,0.299,0.34,0.025,0.025,0.052,0.157,0.157
BG344,0.299,0.34,0.025,0.025,0.052,0.157,0.157
BG411,0.299,0.34,0.025,0.025,0.052,0.157,0.157
BG412,0.299,0.34,0.025,0.025,0.052,0.157,0.157
BG413,0.299,0.34,0.025,0.025,0.052,0.157,0.157
BG414,0.299,0.34,0.025,0.025,0.052,0.157,0.157
BG415,0.299,0.34,0.025,0.025,0.052,0.157,0.157
BG421,0.299,0.34,0.025,0.025,0.052,0.157,0.157
BG422,0.299,0.34,0.025,0.025,0.052,0.157,0.157
BG423,0.299,0.34,0.025,0.025,0.052,0.157,0.157
BG424,0.299,0.34,0.025,0.025,0.052,0.157,0.157
BG425,0.299,0.34,0.025,0.025,0.052,0.157,0.157
BGZZZ,0.299,0.34,0.025,0.025,0.052,0.157,0.157
CZ010,0.299,0.34,0.025,0.025,0.052,0.157,0.157
CZ020,0.299,0.34,0.025,0.025,0.052,0.157,0.157
CZ031,0.299,0.34,0.025,0.025,0.052,0.157,0.157
CZ032,0.299,0.34,0.025,0.025,0.052,0.157,0.157
CZ041,0.299,0.34,0.025,0.025,0.052,0.157,0.157
CZ042,0.299,0.34,0.025,0.025,0.052,0.157,0.157
CZ051,0.299,0.34,0.025,0.025,0.052,0.157,0.157
CZ052,0.299,0.34,0.025,0.025,0.052,0.157,0.157
CZ053,0.299,0.34,0.025,0.025,0.052,0.157,0.157
CZ063,0.299,0.34,0.025,0.025,0.052,0.157,0.157
CZ064,0.299,0.34,0.025,0.025,0.052,0.157,0.157
CZ071,0.299,0.34,0.025,0.025,0.052,0.157,0.157
CZ072,0.299,0.34,0.025,0.025,0.052,0.157,0.157
CZ080,0.299,0.34,0.025,0.025,0.052,0.157,0.157
CZZZZ,0.299,0.34,0.025,0.025,0.052,0.157,0.157
DK011,0.299,0.34,0.025,0.025,0.052,0.157,0.157
DK012,0.299,0.34,0.025,0.025,0.052,0.157,0.157
DK013,0.299,0.34,0.025,0.025,0.052,0.157,0.157
DK014,0.299,0.34,0.025,0.025,0.052,0.157,0.157
DK021,0.299,0.34,0.025,0.025,0.052,0.157,0.157
DK022,0.299,0.34,0.025,0.025,0.052,0.157,0.157
DK031,0.299,0.34,0.025,0.025,0.052,0.157,0.157
DK032,0.299,0.34,0.025,0.025,0.052,0.157,0.157
DK041,0.299,0.34,0.025,0.025,0.052,0.157,0.157
DK042,0.299,0.34,0.025,0.025,0.052,0.157,0.157
DK050,0.299,0.34,0.025,0.025,0.052,0.157,0.157
DKZZZ,0.299,0.34,0.025,0.025,0.052,0.157,0.157
DE111,0.299,0.34,0.025,0.025,0.052,0.157,0.157
DE112,0.299,0.34,0.025,0.025,0.052,0.157,0.157
DE113,0.299,0.34,0.025,0.025,0.052,0.157,0.157
DE114,0.299,0.34,0.025,0.025,0.052,0.157,0.157
DE115,0.299,0.34,0.025,0.025,0.052,0.157,0.157
DE116,0.299,0.34,0.025,0.025,0.052,0.157,0.157
DE117,0.299,0.34,0.025,0.025,0.052,0.157,0.157
DE118,0.299,0.34,0.025,0.025,0.052,0.157,0.157
DE119,0.299,0.34,0.025,0.025,0.052,0.157,0.157
DE11A,0.299,0.34,0.025,0.025,0.052,0.157,0.157
DE11B,0.299,0.34,0.025,0.025,0.052,0.157,0.157
DE11C,0.299,0.34,0.025,0.025,0.052,0.157,0.157
DE11D,0.299,0.34,0.025,0.025,0.052,0.157,0.157
DE121,0.299,0.34,0.025,0.025,0.052,0.157,0.157
DE122,0.299,0.34,0.025,0.025,0.052,0.157,0.157
DE123,0.299,0.34,0.025,0.025,0.052,0.157,0.157
DE124,0.299,0.34,0.025,0.025,0.052,0.157,0.157
DE125,0.299,0.34,0.025,0.025,0.052,0.157,0.157
DE126,0.299,0.34,0.025,0.025,0.052,0.157,0.157
DE127,0.299,0.34,0.025,0.025,0.052,0.157,0.157
DE128,0.299,0.34,0.025,0.025,0.052,0.157,0.157
DE129,0.299,0.34,0.025,0.025,0.052,0.157,0.157
DE12A,0.299,0.34,0.025,0.025,0.052,0.157,0.157
DE12B,0.299,0.34,0.025,0.025,0.052,0.157,0.157
DE12C,0.299,0.34,0.025,0.025,0.052,0.157,0.157
DE131,0.299,0.34,0.025,0.025,0.052,0.157,0.157
DE132,0.299,0.34,0.025,0.025,0.052,0.157,0.157
DE133,0.299,0.34,0.025,0.025,0.052,0.157,0.157
DE134,0.299,0.34,0.025,0.025,0.052,0.157,0.157
DE135,0.299,0.34,0.025,0.025,0.052,0.157,0.157
DE136,0.299,0.34,0.025,0.025,0.052,0.157,0.157
DE137,0.299,0.34,0.025,0.025,0.052,0.157,0.157
DE138,0.299,0.34,0.025,0.025,0.052,0.157,0.157
DE139,0.299,0.34,0.025,0.025,0.052,0.157,0.157
DE13A,0.299,0.34,0.025,0.025,0.052,0.157,0.157
DE141,0.299,0.34,0.025,0.025,0.052,0.157,0.157
DE142,0.299,0.34,0.025,0.025,0.052,0.157,0.157
DE143,0.299,0.34,0.025,0.025,0.052,0.157,0.157
DE144,0.299,0.34,0.025,0.025,0.052,0.157,0.157
DE145,0.299,0.34,0.025,0.025,0.052,0.157,0.157
DE146,0.299,0.34,0.025,0.025,0.052,0.157,0.157
DE147,0.299,0.34,0.025,0.025,0.052,0.157,0.157
DE148,0.299,0.34,0.025,0.025,0.052,0.157,0.157
DE149,0.299,0.34,0.025,0.025,0.052,0.157,0.157
DE211,0.299,0.34,0.025,0.025,0.052,0.157,0.157
DE212,0.299,0.34,0.025,0.025,0.052,0.157,0.157
DE213,0.299,0.34,0.025,0.025,0.052,0.157,0.157
DE214,0.299,0.34,0.025,0.025,0.052,0.157,0.157
DE215,0.299,0.34,0.025,0.025,0.052,0.157,0.157
DE216,0.299,0.34,0.025,0.025,0.052,0.157,0.157
DE217,0.299,0.34,0.025,0.025,0.052,0.157,0.157
DE218,0.299,0.34,0.025,0.025,0.052,0.157,0.157
DE219,0.299,0.34,0.025,0.025,0.052,0.157,0.157
DE21A,0.299,0.34,0.025,0.025,0.052,0.157,0.157
DE21B,0.299,0.34,0.025,0.025,0.052,0.157,0.157
DE21C,0.299,0.34,0.025,0.025,0.052,0.157,0.157
DE21D,0.299,0.34,0.025,0.025,0.052,0.157,0.157
DE21E,0.299,0.34,0.025,0.025,0.052,0.157,0.157
DE21F,0.299,0.34,0.025,0.025,0.052,0.157,0.157
DE21G,0.299,0.34,0.025,0.025,0.052,0.157,0.157
DE21H,0.299,0.34,0.025,0.025,0.052,0.157,0.157
DE21I,0.299,0.34,0.025,0.025,0.052,0.157,0.157
DE21J,0.299,0.34,0.025,0.025,0.052,0.157,0.157
DE21K,0.299,0.34,0.025,0.025,0.052,0.157,0.157
DE21L,0.299,0.34,0.025,0.025,0.052,0.157,0.157
DE21M,0.299,0.34,0.025,0.025,0.052,0.157,0.157
DE21N,0.299,0.34,0.025,0.025,0.052,0.157,0.157
DE221,0.299,0.34,0.025,0.025,0.052,0.157,0.157
DE222,0.299,0.34,0.025,0.025,0.052,0.157,0.157
DE223,0.299,0.34,0.025,0.025,0.052,0.157,0.157
DE224,0.299,0.34,0.025,0.025,0.052,0.157,0.157
DE225,0.299,0.34,0.025,0.025,0.052,0.157,0.157
DE226,0.299,0.34,0.025,0.025,0.052,0.157,0.157
DE227,0.299,0.34,0.025,0.025,0.052,0.157,0.157
DE228,0.299,0.34,0.025,0.025,0.052,0.157,0.157
DE229,0.299,0.34,0.025,0.025,0.052,0.157,0.157
DE22A,0.299,0.34,0.025,0.025,0.052,0.157,0.157
DE22B,0.299,0.34,0.025,0.025,0.052,0.157,0.157
DE22C,0.299,0.34,0.025,0.025,0.052,0.157,0.157
DE231,0.299,0.34,0.025,0.025,0.052,0.157,0.157
DE232,0.299,0.34,0.025,0.025,0.052,0.157,0.157
DE233,0.299,0.34,0.025,0.025,0.052,0.157,0.157
DE234,0.299,0.34,0.025,0.025,0.052,0.157,0.157
DE235,0.299,0.34,0.025,0.025,0.052,0.157,0.157
DE236,0.299,0.34,0.025,0.025,0.052,0.157,0.157
DE237,0.299,0.34,0.025,0.025,0.052,0.157,0.157
DE238,0.299,0.34,0.025,0.025,0.052,0.157,0.157
DE239,0.299,0.34,0.025,0.025,0.052,0.157,0.157
DE23A,0.299,0.34,0.025,0.025,0.052,0.157,0.157
DE241,0.299,0.34,0.025,0.025,0.052,0.157,0.157
DE242,0.299,0.34,0.025,0.025,0.052,0.157,0.157
DE243,0.299,0.34,0.025,0.025,0.052,0.157,0.157
DE244,0.299,0.34,0.025,0.025,0.052,0.157,0.157
DE245,0.299,0.34,0.025,0.025,0.052,0.157,0.157
DE246,0.299,0.34,0.025,0.025,0.052,0.157,0.157
DE247,0.299,0.34,0.025,0.025,0.052,0.157,0.157
DE248,0.299,0.34,0.025,0.025,0.052,0.157,0.157
DE249,0.299,0.34,0.025,0.025,0.052,0.157,0.157
DE24A,0.299,0.34,0.025,0.025,0.052,0.157,0.157
DE24B,0.299,0.34,0.025,0.025,0.052,0.157,0.157
DE24C,0.299,0.34,0.025,0.025,0.052,0.157,0.157
DE24D,0.299,0.34,0.025,0.025,0.052,0.157,0.157
DE251,0.299,0.34,0.025,0.025,0.052,0.157,0.157
DE252,0.299,0.34,0.025,0.025,0.052,0.157,0.157
DE253,0.299,0.34,0.025,0.025,0.052,0.157,0.157
DE254,0.299,0.34,0.025,0.025,0.052,0.157,0.157
DE255,0.299,0.34,0.025,0.025,0.052,0.157,0.157
DE256,0.299,0.34,0.025,0.025,0.052,0.157,0.157
DE257,0.299,0.34,0.025,0.025,0.052,0.157,0.157
DE258,0.299,0.34,0.025,0.025,0.052,0.157,0.157
DE259,0.299,0.34,0.025,0.025,0.052,0.157,0.157
DE25A,0.299,0.34,0.025,0.025,0.052,0.157,0.157
DE25B,0.299,0.34,0.025,0.025,0.052,0.157,0.157
DE25C,0.299,0.34,0.025,0.025,0.052,0.157,0.157
DE261,0.299,0.34,0.025,0.025,0.052,0.157,0.157
DE262,0.299,0.34,0.025,0.025,0.052,0.157,0.157
DE263,0.299,0.34,0.025,0.025,0.052,0.157,0.157
DE264,0.299,0.34,0.025,0.025,0.052,0.157,0.157
DE265,0.299,0.34,0.025,0.025,0.052,0.157,0.157
DE266,0.299,0.34,0.025,0.025,0.052,0.157,0.157
DE267,0.299,0.34,0.025,0.025,0.052,0.157,0.157
DE268,0.299,0.34,0.025,0.025,0.052,0.157,0.157
DE269,0.299,0.34,0.025,0.025,0.052,0.157,0.157
DE26A,0.299,0.34,0.025,0.025,0.052,0.157,0.157
DE26B,0.299,0.34,0.025,0.025,0.052,0.157,0.157
DE26C,0.299,0.34,0.025,0.025,0.052,0.157,0.157
DE271,0.299,0.34,0.025,0.025,0.052,0.157,0.157
DE272,0.299,0.34,0.025,0.025,0.052,0.157,0.157
DE273,0.299,0.34,0.025,0.025,0.052,0.157,0.157
DE274,0.299,0.34,0.025,0.025,0.052,0.157,0.157
DE275,0.299,0.34,0.025,0.025,0.052,0.157,0.157
DE276,0.299,0.34,0.025,0.025,0.052,0.157,0.157
DE277,0.299,0.34,0.025,0.025,0.052,0.157,0.157
DE278,0.299,0.34,0.025,0.025,0.052,0.157,0.157
DE279,0.299,0.34,0.025,0.025,0.052,0.157,0.157
DE27A,0.299,0.34,0.025,0.025,0.052,0.157,0.157
DE27B,0.299,0.34,0.025,0.025,0.052,0.157,0.157
DE27C,0.299,0.34,0.025,0.025,0.052,0.157,0.157
DE27D,0.299,0.34,0.025,0.025,0.052,0.157,0.157
DE27E,0.299,0.34,0.025,0.025,0.052,0.157,0.157
DE300,0.299,0.34,0.025,0.025,0.052,0.157,0.157
DE401,0.299,0.34,0.025,0.025,0.052,0.157,0.157
DE402,0.299,0.34,0.025,0.025,0.052,0.157,0.157
DE403,0.299,0.34,0.025,0.025,0.052,0.157,0.157
DE404,0.299,0.34,0.025,0.025,0.052,0.157,0.157
DE405,0.299,0.34,0.025,0.025,0.052,0.157,0.157
DE406,0.299,0.34,0.025,0.025,0.052,0.157,0.157
DE407,0.299,0.34,0.025,0.025,0.052,0.157,0.157
DE408,0.299,0.34,0.025,0.025,0.052,0.157,0.157
DE409,0.299,0.34,0.025,0.025,0.052,0.157,0.157
DE40A,0.299,0.34,0.025,0.025,0.052,0.157,0.157
DE40B,0.299,0.34,0.025,0.025,0.052,0.157,0.157
DE40C,0.299,0.34,0.025,0.025,0.052,0.157,0.157
DE40D,0.299,0.34,0.025,0.025,0.052,0.157,0.157
DE40E,0.299,0.34,0.025,0.025,0.052,0.157,0.157
DE40F,0.299,0.34,0.025,0.025,0.052,0.157,0.157
DE40G,0.299,0.34,0.025,0.025,0.052,0.157,0.157
DE40H,0.299,0.34,0.025,0.025,0.052,0.157,0.157
DE40I,0.299,0.34,0.025,0.025,0.052,0.157,0.157
DE501,0.299,0.34,0.025,0.025,0.052,0.157,0.157
DE502,0.299,0.34,0.025,0.025,0.052,0.157,0.157
DE600,0.299,0.34,0.025,0.025,0.052,0.157,0.157
DE711,0.299,0.34,0.025,0.025,0.052,0.157,0.157
DE712,0.299,0.34,0.025,0.025,0.052,0.157,0.157
DE713,0.299,0.34,0.025,0.025,0.052,0.157,0.157
DE714,0.299,0.34,0.025,0.025,0.052,0.157,0.157
DE715,0.299,0.34,0.025,0.025,0.052,0.157,0.157
DE716,0.299,0.34,0.025,0.025,0.052,0.157,0.157
DE717,0.299,0.34,0.025,0.025,0.052,0.157,0.157
DE718,0.299,0.34,0.025,0.025,0.052,0.157,0.157
DE719,0.299,0.34,0.025,0.025,0.052,0.157,0.157
DE71A,0.299,0.34,0.025,0.025,0.052,0.157,0.157
DE71B,0.299,0.34,0.025,0.025,0.052,0.157,0.157
DE71C,0.299,0.34,0.025,0.025,0.052,0.157,0.157
DE71D,0.299,0.34,0.025,0.025,0.052,0.157,0.157
DE71E,0.299,0.34,0.025,0.025,0.052,0.157,0.157
DE721,0.299,0.34,0.025,0.025,0.052,0.157,0.157
DE722,0.299,0.34,0.025,0.025,0.052,0.157,0.157
DE723,0.299,0.34,0.025,0.025,0.052,0.157,0.157
DE724,0.299,0.34,0.025,0.025,0.052,0.157,0.157
DE725,0.299,0.34,0.025,0.025,0.052,0.157,0.157
DE731,0.299,0.34,0.025,0.025,0.052,0.157,0.157
DE732,0.299,0.34,0.025,0.025,0.052,0.157,0.157
DE733,0.299,0.34,0.025,0.025,0.052,0.157,0.157
DE734,0.299,0.34,0.025,0.025,0.052,0.157,0.157
DE735,0.299,0.34,0.025,0.025,0.052,0.157,0.157
DE736,0.299,0.34,0.025,0.025,0.052,0.157,0.157
DE737,0.299,0.34,0.025,0.025,0.052,0.157,0.157
DE803,0.299,0.34,0.025,0.025,0.052,0.157,0.157
DE804,0.299,0.34,0.025,0.025,0.052,0.157,0.157
DE80J,0.299,0.34,0.025,0.025,0.052,0.157,0.157
DE80K,0.299,0.34,0.025,0.025,0.052,0.157,0.157
DE80L,0.299,0.34,0.025,0.025,0.052,0.157,0.157
DE80M,0.299,0.34,0.025,0.025,0.052,0.157,0.157
DE80N,0.299,0.34,0.025,0.025,0.052,0.157,0.157
DE80O,0.299,0.34,0.025,0.025,0.052,0.157,0.157
DE911,0.299,0.34,0.025,0.025,0.052,0.157,0.157
DE912,0.299,0.34,0.025,0.025,0.052,0.157,0.157
DE913,0.299,0.34,0.025,0.025,0.052,0.157,0.157
DE914,0.299,0.34,0.025,0.025,0.052,0.157,0.157
DE915,0.299,0.34,0.025,0.025,0.052,0.157,0.157
DE916,0.299,0.34,0.025,0.025,0.052,0.157,0.157
DE917,0.299,0.34,0.025,0.025,0.052,0.157,0.157
DE918,0.299,0.34,0.025,0.025,0.052,0.157,0.157
DE919,0.299,0.34,0.025,0.025,0.052,0.157,0.157
DE91A,0.299,0.34,0.025,0.025,0.052,0.157,0.157
DE91B,0.299,0.34,0.025,0.025,0.052,0.157,0.157
DE922,0.299,0.34,0.025,0.025,0.052,0.157,0.157
DE923,0.299,0.34,0.025,0.025,0.052,0.157,0.157
DE925,0.299,0.34,0.025,0.025,0.052,0.157,0.157
DE926,0.299,0.34,0.025,0.025,0.052,0.157,0.157
DE927,0.299,0.34,0.025,0.025,0.052,0.157,0.157
DE928,0.299,0.34,0.025,0.025,0.052,0.157,0.157
DE929,0.299,0.34,0.025,0.025,0.052,0.157,0.157
DE931,0.299,0.34,0.025,0.025,0.052,0.157,0.157
DE932,0.299,0.34,0.025,0.025,0.052,0.157,0.157
DE933,0.299,0.34,0.025,0.025,0.052,0.157,0.157
DE934,0.299,0.34,0.025,0.025,0.052,0.157,0.157
DE935,0.299,0.34,0.025,0.025,0.052,0.157,0.157
DE936,0.299,0.34,0.025,0.025,0.052,0.157,0.157
DE937,0.299,0.34,0.025,0.025,0.052,0.157,0.157
DE938,0.299,0.34,0.025,0.025,0.052,0.157,0.157
DE939,0.299,0.34,0.025,0.025,0.052,0.157,0.157
DE93A,0.299,0.34,0.025,0.025,0.052,0.157,0.157
DE93B,0.299,0.34,0.025,0.025,0.052,0.157,0.157
DE941,0.299,0.34,0.025,0.025,0.052,0.157,0.157
DE942,0.299,0.34,0.025,0.025,0.052,0.157,0.157
DE943,0.299,0.34,0.025,0.025,0.052,0.157,0.157
DE944,0.299,0.34,0.025,0.025,0.052,0.157,0.157
DE945,0.299,0.34,0.025,0.025,0.052,0.157,0.157
DE946,0.299,0.34,0.025,0.025,0.052,0.157,0.157
DE947,0.299,0.34,0.025,0.025,0.052,0.157,0.157
DE948,0.299,0.34,0.025,0.025,0.052,0.157,0.157
DE949,0.299,0.34,0.025,0.025,0.052,0.157,0.157
DE94A,0.299,0.34,0.025,0.025,0.052,0.157,0.157
DE94B,0.299,0.34,0.025,0.025,0.052,0.157,0.157
DE94C,0.299,0.34,0.025,0.025,0.052,0.157,0.157
DE94D,0.299,0.34,0.025,0.025,0.052,0.157,0.157
DE94E,0.299,0.34,0.025,0.025,0.052,0.157,0.157
DE94F,0.299,0.34,0.025,0.025,0.052,0.157,0.157
DE94G,0.299,0.34,0.025,0.025,0.052,0.157,0.157
DE94H,0.299,0.34,0.025,0.025,0.052,0.157,0.157
DEA11,0.299,0.34,0.025,0.025,0.052,0.157,0.157
DEA12,0.299,0.34,0.025,0.025,0.052,0.157,0.157
DEA13,0.299,0.34,0.025,0.025,0.052,0.157,0.157
DEA14,0.299,0.34,0.025,0.025,0.052,0.157,0.157
DEA15,0.299,0.34,0.025,0.025,0.052,0.157,0.157
DEA16,0.299,0.34,0.025,0.025,0.052,0.157,0.157
DEA17,0.299,0.34,0.025,0.025,0.052,0.157,0.157
DEA18,0.299,0.34,0.025,0.025,0.052,0.157,0.157
DEA19,0.299,0.34,0.025,0.025,0.052,0.157,0.157
DEA1A,0.299,0.34,0.025,0.025,0.052,0.157,0.157
DEA1B,0.299,0.34,0.025,0.025,0.052,0.157,0.157
DEA1C,0.299,0.34,0.025,0.025,0.052,0.157,0.157
DEA1D,0.299,0.34,0.025,0.025,0.052,0.157,0.157
DEA1E,0.299,0.34,0.025,0.025,0.052,0.157,0.157
DEA1F,0.299,0.34,0.025,0.025,0.052,0.157,0.157
DEA22,0.299,0.34,0.025,0.025,0.052,0.157,0.157
DEA23,0.299,0.34,0.025,0.025,0.052,0.157,0.157
DEA24,0.299,0.34,0.025,0.025,0.052,0.157,0.157
DEA26,0.299,0.34,0.025,0.025,0.052,0.157,0.157
DEA27,0.299,0.34,0.025,0.025,0.052,0.157,0.157
DEA28,0.299,0.34,0.025,0.025,0.052,0.157,0.157
DEA29,0.299,0.34,0.025,0.025,0.052,0.157,0.157
DEA2A,0.299,0.34,0.025,0.025,0.052,0.157,0.157
DEA2B,0.299,0.34,0.025,0.025,0.052,0.157,0.157
DEA2C,0.299,0.34,0.025,0.025,0.052,0.157,0.157
DEA2D,0.299,0.34,0.025,0.025,0.052,0.157,0.157
DEA31,0.299,0.34,0.025,0.025,0.052,0.157,0.157
DEA32,0.299,0.34,0.025,0.025,0.052,0.157,0.157
DEA33,0.299,0.34,0.025,0.025,0.052,0.157,0.157
DEA34,0.299,0.34,0.025,0.025,0.052,0.157,0.157
DEA35,0.299,0.34,0.025,0.025,0.052,0.157,0.157
DEA36,0.299,0.34,0.025,0.025,0.052,0.157,0.157
DEA37,0.299,0.34,0.025,0.025,0.052,0.157,0.157
DEA38,0.299,0.34,0.025,0.025,0.052,0.157,0.157
DEA41,0.299,0.34,0.025,0.025,0.052,0.157,0.157
DEA42,0.299,0.34,0.025,0.025,0.052,0.157,0.157
DEA43,0.299,0.34,0.025,0.025,0.052,0.157,0.157
DEA44,0.299,0.34,0.025,0.025,0.052,0.157,0.157
DEA45,0.299,0.34,0.025,0.025,0.052,0.157,0.157
DEA46,0.299,0.34,0.025,0.025,0.052,0.157,0.157
DEA47,0.299,0.34,0.025,0.025,0.052,0.157,0.157
DEA51,0.299,0.34,0.025,0.025,0.052,0.157,0.157
DEA52,0.299,0.34,0.025,0.025,0.052,0.157,0.157
DEA53,0.299,0.34,0.025,0.025,0.052,0.157,0.157
DEA54,0.299,0.34,0.025,0.025,0.052,0.157,0.157
DEA55,0.299,0.34,0.025,0.025,0.052,0.157,0.157
DEA56,0.299,0.34,0.025,0.025,0.052,0.157,0.157
DEA57,0.299,0.34,0.025,0.025,0.052,0.157,0.157
DEA58,0.299,0.34,0.025,0.025,0.052,0.157,0.157
DEA59,0.299,0.34,0.025,0.025,0.052,0.157,0.157
DEA5A,0.299,0.34,0.025,0.025,0.052,0.157,0.157
DEA5B,0.299,0.34,0.025,0.025,0.052,0.157,0.157
DEA5C,0.299,0.34,0.025,0.025,0.052,0.157,0.157
DEB11,0.299,0.34,0.025,0.025,0.052,0.157,0.157
DEB12,0.299,0.34,0.025,0.025,0.052,0.157,0.157
DEB13,0.299,0.34,0.025,0.025,0.052,0.157,0.157
DEB14,0.299,0.34,0.025,0.025,0.052,0.157,0.157
DEB15,0.299,0.34,0.025,0.025,0.052,0.157,0.157
DEB16,0.299,0.34,0.025,0.025,0.052,0.157,0.157
DEB17,0.299,0.34,0.025,0.025,0.052,0.157,0.157
DEB18,0.299,0.34,0.025,0.025,0.052,0.157,0.157
DEB19,0.299,0.34,0.025,0.025,0.052,0.157,0.157
DEB1A,0.299,0.34,0.025,0.025,0.052,0.157,0.157
DEB1B,0.299,0.34,0.025,0.025,0.052,0.157,0.157
DEB21,0.299,0.34,0.025,0.025,0.052,0.157,0.157
DEB22,0.299,0.34,0.025,0.025,0.052,0.157,0.157
DEB23,0.299,0.34,0.025,0.025,0.052,0.157,0.157
DEB24,0.299,0.34,0.025,0.025,0.052,0.157,0.157
DEB25,0.299,0.34,0.025,0.025,0.052,0.157,0.157
DEB31,0.299,0.34,0.025,0.025,0.052,0.157,0.157
DEB32,0.299,0.34,0.025,0.025,0.052,0.157,0.157
DEB33,0.299,0.34,0.025,0.025,0.052,0.157,0.157
DEB34,0.299,0.34,0.025,0.025,0.052,0.157,0.157
DEB35,0.299,0.34,0.025,0.025,0.052,0.157,0.157
DEB36,0.299,0.34,0.025,0.025,0.052,0.157,0.157
DEB37,0.299,0.34,0.025,0.025,0.052,0.157,0.157
DEB38,0.299,0.34,0.025,0.025,0.052,0.157,0.157
DEB39,0.299,0.34,0.025,0.025,0.052,0.157,0.157
DEB3A,0.299,0.34,0.025,0.025,0.052,0.157,0.157
DEB3B,0.299,0.34,0.025,0.025,0.052,0.157,0.157
DEB3C,0.299,0.34,0.025,0.025,0.052,0.157,0.157
DEB3D,0.299,0.34,0.025,0.025,0.052,0.157,0.157
DEB3E,0.299,0.34,0.025,0.025,0.052,0.157,0.157
DEB3F,0.299,0.34,0.025,0.025,0.052,0.157,0.157
DEB3G,0.299,0.34,0.025,0.025,0.052,0.157,0.157
DEB3H,0.299,0.34,0.025,0.025,0.052,0.157,0.157
DEB3I,0.299,0.34,0.025,0.025,0.052,0.157,0.157
DEB3J,0.299,0.34,0.025,0.025,0.052,0.157,0.157
DEB3K,0.299,0.34,0.025,0.025,0.052,0.157,0.157
DEC01,0.299,0.34,0.025,0.025,0.052,0.157,0.157
DEC02,0.299,0.34,0.025,0.025,0.052,0.157,0.157
DEC03,0.299,0.34,0.025,0.025,0.052,0.157,0.157
DEC04,0.299,0.34,0.025,0.025,0.052,0.157,0.157
DEC05,0.299,0.34,0.025,0.025,0.052,0.157,0.157
DEC06,0.299,0.34,0.025,0.025,0.052,0.157,0.157
DED21,0.299,0.34,0.025,0.025,0.052,0.157,0.157
DED2C,0.299,0.34,0.025,0.025,0.052,0.157,0.157
DED2D,0.299,0.34,0.025,0.025,0.052,0.157,0.157
DED2E,0.299,0.34,0.025,0.025,0.052,0.157,0.157
DED2F,0.299,0.34,0.025,0.025,0.052,0.157,0.157
DED41,0.299,0.34,0.025,0.025,0.052,0.157,0.157
DED42,0.299,0.34,0.025,0.025,0.052,0.157,0.157
DED43,0.299,0.34,0.025,0.025,0.052,0.157,0.157
DED44,0.299,0.34,0.025,0.025,0.052,0.157,0.157
DED45,0.299,0.34,0.025,0.025,0.052,0.157,0.157
DED51,0.299,0.34,0.025,0.025,0.052,0.157,0.157
DED52,0.299,0.34,0.025,0.025,0.052,0.157,0.157
DED53,0.299,0.34,0.025,0.025,0.052,0.157,0.157
DEE01,0.299,0.34,0.025,0.025,0.052,0.157,0.157
DEE02,0.299,0.34,0.025,0.025,0.052,0.157,0.157
DEE03,0.299,0.34,0.025,0.025,0.052,0.157,0.157
DEE04,0.299,0.34,0.025,0.025,0.052,0.157,0.157
DEE05,0.299,0.34,0.025,0.025,0.052,0.157,0.157
DEE06,0.299,0.34,0.025,0.025,0.052,0.157,0.157
DEE07,0.299,0.34,0.025,0.025,0.052,0.157,0.157
DEE08,0.299,0.34,0.025,0.025,0.052,0.157,0.157
DEE09,0.299,0.34,0.025,0.025,0.052,0.157,0.157
DEE0A,0.299,0.34,0.025,0.025,0.052,0.157,0.157
DEE0B,0.299,0.34,0.025,0.025,0.052,0.157,0.157
DEE0C,0.299,0.34,0.025,0.025,0.052,0.157,0.157
DEE0D,0.299,0.34,0.025,0.025,0.052,0.157,0.157
DEE0E,0.299,0.34,0.025,0.025,0.052,0.157,0.157
DEF01,0.299,0.34,0.025,0.025,0.052,0.157,0.157
DEF02,0.299,0.34,0.025,0.025,0.052,0.157,0.157
DEF03,0.299,0.34,0.025,0.025,0.052,0.157,0.157
DEF04,0.299,0.34,0.025,0.025,0.052,0.157,0.157
DEF05,0.299,0.34,0.025,0.025,0.052,0.157,0.157
DEF06,0.299,0.34,0.025,0.025,0.052,0.157,0.157
DEF07,0.299,0.34,0.025,0.025,0.052,0.157,0.157
DEF08,0.299,0.34,0.025,0.025,0.052,0.157,0.157
DEF09,0.299,0.34,0.025,0.025,0.052,0.157,0.157
DEF0A,0.299,0.34,0.025,0.025,0.052,0.157,0.157
DEF0B,0.299,0.34,0.025,0.025,0.052,0.157,0.157
DEF0C,0.299,0.34,0.025,0.025,0.052,0.157,0.157
DEF0D,0.299,0.34,0.025,0.025,0.052,0.157,0.157
DEF0E,0.299,0.34,0.025,0.025,0.052,0.157,0.157
DEF0F,0.299,0.34,0.025,0.025,0.052,0.157,0.157
DEG01,0.299,0.34,0.025,0.025,0.052,0.157,0.157
DEG02,0.299,0.34,0.025,0.025,0.052,0.157,0.157
DEG03,0.299,0.34,0.025,0.025,0.052,0.157,0.157
DEG04,0.299,0.34,0.025,0.025,0.052,0.157,0.157
DEG05,0.299,0.34,0.025,0.025,0.052,0.157,0.157
DEG06,0.299,0.34,0.025,0.025,0.052,0.157,0.157
DEG07,0.299,0.34,0.025,0.025,0.052,0.157,0.157
DEG09,0.299,0.34,0.025,0.025,0.052,0.157,0.157
DEG0A,0.299,0.34,0.025,0.025,0.052,0.157,0.157
DEG0B,0.299,0.34,0.025,0.025,0.052,0.157,0.157
DEG0C,0.299,0.34,0.025,0.025,0.052,0.157,0.157
DEG0D,0.299,0.34,0.025,0.025,0.052,0.157,0.157
DEG0E,0.299,0.34,0.025,0.025,0.052,0.157,0.157
DEG0F,0.299,0.34,0.025,0.025,0.052,0.157,0.157
DEG0G,0.299,0.34,0.025,0.025,0.052,0.157,0.157
DEG0H,0.299,0.34,0.025,0.025,0.052,0.157,0.157
DEG0I,0.299,0.34,0.025,0.025,0.052,0.157,0.157
DEG0J,0.299,0.34,0.025,0.025,0.052,0.157,0.157
DEG0K,0.299,0.34,0.025,0.025,0.052,0.157,0.157
DEG0L,0.299,0.34,0.025,0.025,0.052,0.157,0.157
DEG0M,0.299,0.34,0.025,0.025,0.052,0.157,0.157
DEG0N,0.299,0.34,0.025,0.025,0.052,0.157,0.157
DEG0P,0.299,0.34,0.025,0.025,0.052,0.157,0.157
DEZZZ,0.299,0.34,0.025,0.025,0.052,0.157,0.157
EE001,0.299,0.34,0.025,0.025,0.052,0.157,0.157
EE004,0.299,0.34,0.025,0.025,0.052,0.157,0.157
EE006,0.299,0.34,0.025,0.025,0.052,0.157,0.157
EE007,0.299,0.34,0.025,0.025,0.052,0.157,0.157
EE008,0.299,0.34,0.025,0.025,0.052,0.157,0.157
EEZZZ,0.299,0.34,0.025,0.025,0.052,0.157,0.157
IE011,0.299,0.34,0.025,0.025,0.052,0.157,0.157
IE012,0.299,0.34,0.025,0.025,0.052,0.157,0.157
IE013,0.299,0.34,0.025,0.025,0.052,0.157,0.157
IE021,0.299,0.34,0.025,0.025,0.052,0.157,0.157
IE022,0.299,0.34,0.025,0.025,0.052,0.157,0.157
IE023,0.299,0.34,0.025,0.025,0.052,0.157,0.157
IE024,0.299,0.34,0.025,0.025,0.052,0.157,0.157
IE025,0.299,0.34,0.025,0.025,0.052,0.157,0.157
IEZZZ,0.299,0.34,0.025,0.025,0.052,0.157,0.157
EL301,0.299,0.34,0.025,0.025,0.052,0.157,0.157
EL302,0.299,0.34,0.025,0.025,0.052,0.157,0.157
EL303,0.299,0.34,0.025,0.025,0.052,0.157,0.157
EL304,0.299,0.34,0.025,0.025,0.052,0.157,0.157
EL305,0.299,0.34,0.025,0.025,0.052,0.157,0.157
EL306,0.299,0.34,0.025,0.025,0.052,0.157,0.157
EL307,0.299,0.34,0.025,0.025,0.052,0.157,0.157
EL411,0.299,0.34,0.025,0.025,0.052,0.157,0.157
EL412,0.299,0.34,0.025,0.025,0.052,0.157,0.157
EL413,0.299,0.34,0.025,0.025,0.052,0.157,0.157
EL421,0.299,0.34,0.025,0.025,0.052,0.157,0.157
EL422,0.299,0.34,0.025,0.025,0.052,0.157,0.157
EL431,0.299,0.34,0.025,0.025,0.052,0.157,0.157
EL432,0.299,0.34,0.025,0.025,0.052,0.157,0.157
EL433,0.299,0.34,0.025,0.025,0.052,0.157,0.157
EL434,0.299,0.34,0.025,0.025,0.052,0.157,0.157
EL511,0.299,0.34,0.025,0.025,0.052,0.157,0.157
EL512,0.299,0.34,0.025,0.025,0.052,0.157,0.157
EL513,0.299,0.34,0.025,0.025,0.052,0.157,0.157
EL514,0.299,0.34,0.025,0.025,0.052,0.157,0.157
EL515,0.299,0.34,0.025,0.025,0.052,0.157,0.157
EL521,0.299,0.34,0.025,0.025,0.052,0.157,0.157
EL522,0.299,0.34,0.025,0.025,0.052,0.157,0.157
EL523,0.299,0.34,0.025,0.025,0.052,0.157,0.157
EL524,0.299,0.34,0.025,0.025,0.052,0.157,0.157
EL525,0.299,0.34,0.025,0.025,0.052,0.157,0.157
EL526,0.299,0.34,0.025,0.025,0.052,0.157,0.157
EL527,0.299,0.34,0.025,0.025,0.052,0.157,0.157
EL531,0.299,0.34,0.025,0.025,0.052,0.157,0.157
EL532,0.299,0.34,0.025,0.025,0.052,0.157,0.157
EL533,0.299,0.34,0.025,0.025,0.052,0.157,0.157
EL541,0.299,0.34,0.025,0.025,0.052,0.157,0.157
EL542,0.299,0.34,0.025,0.025,0.052,0.157,0.157
EL543,0.299,0.34,0.025,0.025,0.052,0.157,0.157
EL611,0.299,0.34,0.025,0.025,0.052,0.157,0.157
EL612,0.299,0.34,0.025,0.025,0.052,0.157,0.157
EL613,0.299,0.34,0.025,0.025,0.052,0.157,0.157
EL621,0.299,0.34,0.025,0.025,0.052,0.157,0.157
EL622,0.299,0.34,0.025,0.025,0.052,0.157,0.157
EL623,0.299,0.34,0.025,0.025,0.052,0.157,0.157
EL624,0.299,0.34,0.025,0.025,0.052,0.157,0.157
EL631,0.299,0.34,0.025,0.025,0.052,0.157,0.157
EL632,0.299,0.34,0.025,0.025,0.052,0.157,0.157
EL633,0.299,0.34,0.025,0.025,0.052,0.157,0.157
EL641,0.299,0.34,0.025,0.025,0.052,0.157,0.157
EL642,0.299,0.34,0.025,0.025,0.052,0.157,0.157
EL643,0.299,0.34,0.025,0.025,0.052,0.157,0.157
EL644,0.299,0.34,0.025,0.025,0.052,0.157,0.157
EL645,0.299,0.34,0.025,0.025,0.052,0.157,0.157
EL651,0.299,0.34,0.025,0.025,0.052,0.157,0.157
EL652,0.299,0.34,0.025,0.025,0.052,0.157,0.157
EL653,0.299,0.34,0.025,0.025,0.052,0.157,0.157
ELZZZ,0.299,0.34,0.025,0.025,0.052,0.157,0.157
ES111,0.299,0.34,0.025,0.025,0.052,0.157,0.157
ES112,0.299,0.34,0.025,0.025,0.052,0.157,0.157
ES113,0.299,0.34,0.025,0.025,0.052,0.157,0.157
ES114,0.299,0.34,0.025,0.025,0.052,0.157,0.157
ES120,0.299,0.34,0.025,0.025,0.052,0.157,0.157
ES130,0.299,0.34,0.025,0.025,0.052,0.157,0.157
ES211,0.299,0.34,0.025,0.025,0.052,0.157,0.157
ES212,0.299,0.34,0.025,0.025,0.052,0.157,0.157
ES213,0.299,0.34,0.025,0.025,0.052,0.157,0.157
ES220,0.299,0.34,0.025,0.025,0.052,0.157,0.157
ES230,0.299,0.34,0.025,0.025,0.052,0.157,0.157
ES241,0.299,0.34,0.025,0.025,0.052,0.157,0.157
ES242,0.299,0.34,0.025,0.025,0.052,0.157,0.157
ES243,0.299,0.34,0.025,0.025,0.052,0.157,0.157
ES300,0.299,0.34,0.025,0.025,0.052,0.157,0.157
ES411,0.299,0.34,0.025,0.025,0.052,0.157,0.157
ES412,0.299,0.34,0.025,0.025,0.052,0.157,0.157
ES413,0.299,0.34,0.025,0.025,0.052,0.157,0.157
ES414,0.299,0.34,0.025,0.025,0.052,0.157,0.157
ES415,0.299,0.34,0.025,0.025,0.052,0.157,0.157
ES416,0.299,0.34,0.025,0.025,0.052,0.157,0.157
ES417,0.299,0.34,0.025,0.025,0.052,0.157,0.157
ES418,0.299,0.34,0.025,0.025,0.052,0.157,0.157
ES419,0.299,0.34,0.025,0.025,0.052,0.157,0.157
ES421,0.299,0.34,0.025,0.025,0.052,0.157,0.157
ES422,0.299,0.34,0.025,0.025,0.052,0.157,0.157
ES423,0.299,0.34,0.025,0.025,0.052,0.157,0.157
ES424,0.299,0.34,0.025,0.025,0.052,0.157,0.157
ES425,0.299,0.34,0.025,0.025,0.052,0.157,0.157
ES431,0.299,0.34,0.025,0.025,0.052,0.157,0.157
ES432,0.299,0.34,0.025,0.025,0.052,0.157,0.157
ES511,0.299,0.34,0.025,0.025,0.052,0.157,0.157
ES512,0.299,0.34,0.025,0.025,0.052,0.157,0.157
ES513,0.299,0.34,0.025,0.025,0.052,0.157,0.157
ES514,0.299,0.34,0.025,0.025,0.052,0.157,0.157
ES521,0.299,0.34,0.025,0.025,0.052,0.157,0.157
ES522,0.299,0.34,0.025,0.025,0.052,0.157,0.157
ES523,0.299,0.34,0.025,0.025,0.052,0.157,0.157
ES531,0.299,0.34,0.025,0.025,0.052,0.157,0.157
ES532,0.299,0.34,0.025,0.025,0.052,0.157,0.157
ES533,0.299,0.34,0.025,0.025,0.052,0.157,0.157
ES611,0.299,0.34,0.025,0.025,0.052,0.157,0.157
ES612,0.299,0.34,0.025,0.025,0.052,0.157,0.157
ES613,0.299,0.34,0.025,0.025,0.052,0.157,0.157
ES614,0.299,0.34,0.025,0.025,0.052,0.157,0.157
ES615,0.299,0.34,0.025,0.025,0.052,0.157,0.157
ES616,0.299,0.34,0.025,0.025,0.052,0.157,0.157
ES617,0.299,0.34,0.025,0.025,0.052,0.157,0.157
ES618,0.299,0.34,0.025,0.025,0.052,0.157,0.157
ES620,0.299,0.34,0.025,0.025,0.052,0.157,0.157
ES630,0.299,0.34,0.025,0.025,0.052,0.157,0.157
ES640,0.299,0.34,0.025,0.025,0.052,0.157,0.157
ES703,0.299,0.34,0.025,0.025,0.052,0.157,0.157
ES704,0.299,0.34,0.025,0.025,0.052,0.157,0.157
ES705,0.299,0.34,0.025,0.025,0.052,0.157,0.157
ES706,0.299,0.34,0.025,0.025,0.052,0.157,0.157
ES707,0.299,0.34,0.025,0.025,0.052,0.157,0.157
ES708,0.299,0.34,0.025,0.025,0.052,0.157,0.157
ES709,0.299,0.34,0.025,0.025,0.052,0.157,0.157
ESZZZ,0.299,0.34,0.025,0.025,0.052,0.157,0.157
FR101,0.299,0.34,0.025,0.025,0.052,0.157,0.157
FR102,0.299,0.34,0.025,0.025,0.052,0.157,0.157
FR103,0.299,0.34,0.025,0.025,0.052,0.157,0.157
FR104,0.299,0.34,0.025,0.025,0.052,0.157,0.157
FR105,0.299,0.34,0.025,0.025,0.052,0.157,0.157
FR106,0.299,0.34,0.025,0.025,0.052,0.157,0.157
FR107,0.299,0.34,0.025,0.025,0.052,0.157,0.157
FR108,0.299,0.34,0.025,0.025,0.052,0.157,0.157
FR211,0.299,0.34,0.025,0.025,0.052,0.157,0.157
FR212,0.299,0.34,0.025,0.025,0.052,0.157,0.157
FR213,0.299,0.34,0.025,0.025,0.052,0.157,0.157
FR214,0.299,0.34,0.025,0.025,0.052,0.157,0.157
FR221,0.299,0.34,0.025,0.025,0.052,0.157,0.157
FR222,0.299,0.34,0.025,0.025,0.052,0.157,0.157
FR223,0.299,0.34,0.025,0.025,0.052,0.157,0.157
FR231,0.299,0.34,0.025,0.025,0.052,0.157,0.157
FR232,0.299,0.34,0.025,0.025,0.052,0.157,0.157
FR241,0.299,0.34,0.025,0.025,0.052,0.157,0.157
FR242,0.299,0.34,0.025,0.025,0.052,0.157,0.157
FR243,0.299,0.34,0.025,0.025,0.052,0.157,0.157
FR244,0.299,0.34,0.025,0.025,0.052,0.157,0.157
FR245,0.299,0.34,0.025,0.025,0.052,0.157,0.157
FR246,0.299,0.34,0.025,0.025,0.052,0.157,0.157
FR251,0.299,0.34,0.025,0.025,0.052,0.157,0.157
FR252,0.299,0.34,0.025,0.025,0.052,0.157,0.157
FR253,0.299,0.34,0.025,0.025,0.052,0.157,0.157
FR261,0.299,0.34,0.025,0.025,0.052,0.157,0.157
FR262,0.299,0.34,0.025,0.025,0.052,0.157,0.157
FR263,0.299,0.34,0.025,0.025,0.052,0.157,0.157
FR264,0.299,0.34,0.025,0.025,0.052,0.157,0.157
FR301,0.299,0.34,0.025,0.025,0.052,0.157,0.157
FR302,0.299,0.34,0.025,0.025,0.052,0.157,0.157
FR411,0.299,0.34,0.025,0.025,0.052,0.157,0.157
FR412,0.299,0.34,0.025,0.025,0.052,0.157,0.157
FR413,0.299,0.34,0.025,0.025,0.052,0.157,0.157
FR414,0.299,0.34,0.025,0.025,0.052,0.157,0.157
FR421,0.299,0.34,0.025,0.025,0.052,0.157,0.157
FR422,0.299,0.34,0.025,0.025,0.052,0.157,0.157
FR431,0.299,0.34,0.025,0.025,0.052,0.157,0.157
FR432,0.299,0.34,0.025,0.025,0.052,0.157,0.157
FR433,0.299,0.34,0.025,0.025,0.052,0.157,0.157
FR434,0.299,0.34,0.025,0.025,0.052,0.157,0.157
FR511,0.299,0.34,0.025,0.025,0.052,0.157,0.157
FR512,0.299,0.34,0.025,0.025,0.052,0.157,0.157
FR513,0.299,0.34,0.025,0.025,0.052,0.157,0.157
FR514,0.299,0.34,0.025,0.025,0.052,0.157,0.157
FR515,0.299,0.34,0.025,0.025,0.052,0.157,0.157
FR521,0.299,0.34,0.025,0.025,0.052,0.157,0.157
FR522,0.299,0.34,0.025,0.025,0.052,0.157,0.157
FR523,0.299,0.34,0.025,0.025,0.052,0.157,0.157
FR524,0.299,0.34,0.025,0.025,0.052,0.157,0.157
FR531,0.299,0.34,0.025,0.025,0.052,0.157,0.157
FR532,0.299,0.34,0.025,0.025,0.052,0.157,0.157
FR533,0.299,0.34,0.025,0.025,0.052,0.157,0.157
FR534,0.299,0.34,0.025,0.025,0.052,0.157,0.157
FR611,0.299,0.34,0.025,0.025,0.052,0.157,0.157
FR612,0.299,0.34,0.025,0.025,0.052,0.157,0.157
FR613,0.299,0.34,0.025,0.025,0.052,0.157,0.157
FR614,0.299,0.34,0.025,0.025,0.052,0.157,0.157
FR615,0.299,0.34,0.025,0.025,0.052,0.157,0.157
FR621,0.299,0.34,0.025,0.025,0.052,0.157,0.157
FR622,0.299,0.34,0.025,0.025,0.052,0.157,0.157
FR623,0.299,0.34,0.025,0.025,0.052,0.157,0.157
FR624,0.299,0.34,0.025,0.025,0.052,0.157,0.157
FR625,0.299,0.34,0.025,0.025,0.052,0.157,0.157
FR626,0.299,0.34,0.025,0.025,0.052,0.157,0.157
FR627,0.299,0.34,0.025,0.025,0.052,0.157,0.157
FR628,0.299,0.34,0.025,0.025,0.052,0.157,0.157
FR631,0.299,0.34,0.025,0.025,0.052,0.157,0.157
FR632,0.299,0.34,0.025,0.025,0.052,0.157,0.157
FR633,0.299,0.34,0.025,0.025,0.052,0.157,0.157
FR711,0.299,0.34,0.025,0.025,0.052,0.157,0.157
FR712,0.299,0.34,0.025,0.025,0.052,0.157,0.157
FR713,0.299,0.34,0.025,0.025,0.052,0.157,0.157
FR714,0.299,0.34,0.025,0.025,0.052,0.157,0.157
FR715,0.299,0.34,0.025,0.025,0.052,0.157,0.157
FR716,0.299,0.34,0.025,0.025,0.052,0.157,0.157
FR717,0.299,0.34,0.025,0.025,0.052,0.157,0.157
FR718,0.299,0.34,0.025,0.025,0.052,0.157,0.157
FR721,0.299,0.34,0.025,0.025,0.052,0.157,0.157
FR722,0.299,0.34,0.025,0.025,0.052,0.157,0.157
FR723,0.299,0.34,0.025,0.025,0.052,0.157,0.157
FR724,0.299,0.34,0.025,0.025,0.052,0.157,0.157
FR811,0.299,0.34,0.025,0.025,0.052,0.157,0.157
FR812,0.299,0.34,0.025,0.025,0.052,0.157,0.157
FR813,0.299,0.34,0.025,0.025,0.052,0.157,0.157
FR814,0.299,0.34,0.025,0.025,0.052,0.157,0.157
FR815,0.299,0.34,0.025,0.025,0.052,0.157,0.157
FR821,0.299,0.34,0.025,0.025,0.052,0.157,0.157
FR822,0.299,0.34,0.025,0.025,0.052,0.157,0.157
FR823,0.299,0.34,0.025,0.025,0.052,0.157,0.157
FR824,0.299,0.34,0.025,0.025,0.052,0.157,0.157
FR825,0.299,0.34,0.025,0.025,0.052,0.157,0.157
FR826,0.299,0.34,0.025,0.025,0.052,0.157,0.157
FR831,0.299,0.34,0.025,0.025,0.052,0.157,0.157
FR832,0.299,0.34,0.025,0.025,0.052,0.157,0.157
FRA10,0.299,0.34,0.025,0.025,0.052,0.157,0.157
FRA20,0.299,0.34,0.025,0.025,0.052,0.157,0.157
FRA30,0.299,0.34,0.025,0.025,0.052,0.157,0.157
FRA40,0.299,0.34,0.025,0.025,0.052,0.157,0.157
FRA50,0.299,0.34,0.025,0.025,0.052,0.157,0.157
FRZZZ,0.299,0.34,0.025,0.025,0.052,0.157,0.157
HR031,0.299,0.34,0.025,0.025,0.052,0.157,0.157
HR032,0.299,0.34,0.025,0.025,0.052,0.157,0.157
HR033,0.299,0.34,0.025,0.025,0.052,0.157,0.157
HR034,0.299,0.34,0.025,0.025,0.052,0.157,0.157
HR035,0.299,0.34,0.025,0.025,0.052,0.157,0.157
HR036,0.299,0.34,0.025,0.025,0.052,0.157,0.157
HR037,0.299,0.34,0.025,0.025,0.052,0.157,0.157
HR041,0.299,0.34,0.025,0.025,0.052,0.157,0.157
HR042,0.299,0.34,0.025,0.025,0.052,0.157,0.157
HR043,0.299,0.34,0.025,0.025,0.052,0.157,0.157
HR044,0.299,0.34,0.025,0.025,0.052,0.157,0.157
HR045,0.299,0.34,0.025,0.025,0.052,0.157,0.157
HR046,0.299,0.34,0.025,0.025,0.052,0.157,0.157
HR047,0.299,0.34,0.025,0.025,0.052,0.157,0.157
HR048,0.299,0.34,0.025,0.025,0.052,0.157,0.157
HR049,0.299,0.34,0.025,0.025,0.052,0.157,0.157
HR04A,0.299,0.34,0.025,0.025,0.052,0.157,0.157
HR04B,0.299,0.34,0.025,0.025,0.052,0.157,0.157
HR04C,0.299,0.34,0.025,0.025,0.052,0.157,0.157
HR04D,0.299,0.34,0.025,0.025,0.052,0.157,0.157
HR04E,0.299,0.34,0.025,0.025,0.052,0.157,0.157
HRZZZ,0.299,0.34,0.025,0.025,0.052,0.157,0.157
ITC11,0.299,0.34,0.025,0.025,0.052,0.157,0.157
ITC12,0.299,0.34,0.025,0.025,0.052,0.157,0.157
ITC13,0.299,0.34,0.025,0.025,0.052,0.157,0.157
ITC14,0.299,0.34,0.025,0.025,0.052,0.157,0.157
ITC15,0.299,0.34,0.025,0.025,0.052,0.157,0.157
ITC16,0.299,0.34,0.025,0.025,0.052,0.157,0.157
ITC17,0.299,0.34,0.025,0.025,0.052,0.157,0.157
ITC18,0.299,0.34,0.025,0.025,0.052,0.157,0.157
ITC20,0.299,0.34,0.025,0.025,0.052,0.157,0.157
ITC31,0.299,0.34,0.025,0.025,0.052,0.157,0.157
ITC32,0.299,0.34,0.025,0.025,0.052,0.157,0.157
ITC33,0.299,0.34,0.025,0.025,0.052,0.157,0.157
ITC34,0.299,0.34,0.025,0.025,0.052,0.157,0.157
ITC41,0.299,0.34,0.025,0.025,0.052,0.157,0.157
ITC42,0.299,0.34,0.025,0.025,0.052,0.157,0.157
ITC43,0.299,0.34,0.025,0.025,0.052,0.157,0.157
ITC44,0.299,0.34,0.025,0.025,0.052,0.157,0.157
ITC46,0.299,0.34,0.025,0.025,0.052,0.157,0.157
ITC47,0.299,0.34,0.025,0.025,0.052,0.157,0.157
ITC48,0.299,0.34,0.025,0.025,0.052,0.157,0.157
ITC49,0.299,0.34,0.025,0.025,0.052,0.157,0.157
ITC4A,0.299,0.34,0.025,0.025,0.052,0.157,0.157
ITC4B,0.299,0.34,0.025,0.025,0.052,0.157,0.157
ITC4C,0.299,0.34,0.025,0.025,0.052,0.157,0.157
ITC4D,0.299,0.34,0.025,0.025,0.052,0.157,0.157
ITF11,0.299,0.34,0.025,0.025,0.052,0.157,0.157
ITF12,0.299,0.34,0.025,0.025,0.052,0.157,0.157
ITF13,0.299,0.34,0.025,0.025,0.052,0.157,0.157
ITF14,0.299,0.34,0.025,0.025,0.052,0.157,0.157
ITF21,0.299,0.34,0.025,0.025,0.052,0.157,0.157
ITF22,0.299,0.34,0.025,0.025,0.052,0.157,0.157
ITF31,0.299,0.34,0.025,0.025,0.052,0.157,0.157
ITF32,0.299,0.34,0.025,0.025,0.052,0.157,0.157
ITF33,0.299,0.34,0.025,0.025,0.052,0.157,0.157
ITF34,0.299,0.34,0.025,0.025,0.052,0.157,0.157
ITF35,0.299,0.34,0.025,0.025,0.052,0.157,0.157
ITF43,0.299,0.34,0.025,0.025,0.052,0.157,0.157
ITF44,0.299,0.34,0.025,0.025,0.052,0.157,0.157
ITF45,0.299,0.34,0.025,0.025,0.052,0.157,0.157
ITF46,0.299,0.34,0.025,0.025,0.052,0.157,0.157
ITF47,0.299,0.34,0.025,0.025,0.052,0.157,0.157
ITF48,0.299,0.34,0.025,0.025,0.052,0.157,0.157
ITF51,0.299,0.34,0.025,0.025,0.052,0.157,0.157
ITF52,0.299,0.34,0.025,0.025,0.052,0.157,0.157
ITF61,0.299,0.34,0.025,0.025,0.052,0.157,0.157
ITF62,0.299,0.34,0.025,0.025,0.052,0.157,0.157
ITF63,0.299,0.34,0.025,0.025,0.052,0.157,0.157
ITF64,0.299,0.34,0.025,0.025,0.052,0.157,0.157
ITF65,0.299,0.34,0.025,0.025,0.052,0.157,0.157
ITG11,0.299,0.34,0.025,0.025,0.052,0.157,0.157
ITG12,0.299,0.34,0.025,0.025,0.052,0.157,0.157
ITG13,0.299,0.34,0.025,0.025,0.052,0.157,0.157
ITG14,0.299,0.34,0.025,0.025,0.052,0.157,0.157
ITG15,0.299,0.34,0.025,0.025,0.052,0.157,0.157
ITG16,0.299,0.34,0.025,0.025,0.052,0.157,0.157
ITG17,0.299,0.34,0.025,0.025,0.052,0.157,0.157
ITG18,0.299,0.34,0.025,0.025,0.052,0.157,0.157
ITG19,0.299,0.34,0.025,0.025,0.052,0.157,0.157
ITG25,0.299,0.34,0.025,0.025,0.052,0.157,0.157
ITG26,0.299,0.34,0.025,0.025,0.052,0.157,0.157
ITG27,0.299,0.34,0.025,0.025,0.052,0.157,0.157
ITG28,0.299,0.34,0.025,0.025,0.052,0.157,0.157
ITG29,0.299,0.34,0.025,0.025,0.052,0.157,0.157
ITG2A,0.299,0.34,0.025,0.025,0.052,0.157,0.157
ITG2B,0.299,0.34,0.025,0.025,0.052,0.157,0.157
ITG2C,0.299,0.34,0.025,0.025,0.052,0.157,0.157
ITH10,0.299,0.34,0.025,0.025,0.052,0.157,0.157
ITH20,0.299,0.34,0.025,0.025,0.052,0.157,0.157
ITH31,0.299,0.34,0.025,0.025,0.052,0.157,0.157
ITH32,0.299,0.34,0.025,0.025,0.052,0.157,0.157
ITH33,0.299,0.34,0.025,0.025,0.052,0.157,0.157
ITH34,0.299,0.34,0.025,0.025,0.052,0.157,0.157
ITH35,0.299,0.34,0.025,0.025,0.052,0.157,0.157
ITH36,0.299,0.34,0.025,0.025,0.052,0.157,0.157
ITH37,0.299,0.34,0.025,0.025,0.052,0.157,0.157
ITH41,0.299,0.34,0.025,0.025,0.052,0.157,0.157
ITH42,0.299,0.34,0.025,0.025,0.052,0.157,0.157
ITH43,0.299,0.34,0.025,0.025,0.052,0.157,0.157
ITH44,0.299,0.34,0.025,0.025,0.052,0.157,0.157
ITH51,0.299,0.34,0.025,0.025,0.052,0.157,0.157
ITH52,0.299,0.34,0.025,0.025,0.052,0.157,0.157
ITH53,0.299,0.34,0.025,0.025,0.052,0.157,0.157
ITH54,0.299,0.34,0.025,0.025,0.052,0.157,0.157
ITH55,0.299,0.34,0.025,0.025,0.052,0.157,0.157
ITH56,0.299,0.34,0.025,0.025,0.052,0.157,0.157
ITH57,0.299,0.34,0.025,0.025,0.052,0.157,0.157
ITH58,0.299,0.34,0.025,0.025,0.052,0.157,0.157
ITH59,0.299,0.34,0.025,0.025,0.052,0.157,0.157
ITI11,0.299,0.34,0.025,0.025,0.052,0.157,0.157
ITI12,0.299,0.34,0.025,0.025,0.052,0.157,0.157
ITI13,0.299,0.34,0.025,0.025,0.052,0.157,0.157
ITI14,0.299,0.34,0.025,0.025,0.052,0.157,0.157
ITI15,0.299,0.34,0.025,0.025,0.052,0.157,0.157
ITI16,0.299,0.34,0.025,0.025,0.052,0.157,0.157
ITI17,0.299,0.34,0.025,0.025,0.052,0.157,0.157
ITI18,0.299,0.34,0.025,0.025,0.052,0.157,0.157
ITI19,0.299,0.34,0.025,0.025,0.052,0.157,0.157
ITI1A,0.299,0.34,0.025,0.025,0.052,0.157,0.157
ITI21,0.299,0.34,0.025,0.025,0.052,0.157,0.157
ITI22,0.299,0.34,0.025,0.025,0.052,0.157,0.157
ITI31,0.299,0.34,0.025,0.025,0.052,0.157,0.157
ITI32,0.299,0.34,0.025,0.025,0.052,0.157,0.157
ITI33,0.299,0.34,0.025,0.025,0.052,0.157,0.157
ITI34,0.299,0.34,0.025,0.025,0.052,0.157,0.157
ITI35,0.299,0.34,0.025,0.025,0.052,0.157,0.157
ITI41,0.299,0.34,0.025,0.025,0.052,0.157,0.157
ITI42,0.299,0.34,0.025,0.025,0.052,0.157,0.157
ITI43,0.299,0.34,0.025,0.025,0.052,0.157,0.157
ITI44,0.299,0.34,0.025,0.025,0.052,0.157,0.157
ITI45,0.299,0.34,0.025,0.025,0.052,0.157,0.157
ITZZZ,0.299,0.34,0.025,0.025,0.052,0.157,0.157
CY000,0.299,0.34,0.025,0.025,0.052,0.157,0.157
CYZZZ,0.299,0.34,0.025,0.025,0.052,0.157,0.157
LV003,0.299,0.34,0.025,0.025,0.052,0.157,0.157
LV005,0.299,0.34,0.025,0.025,0.052,0.157,0.157
LV006,0.299,0.34,0.025,0.025,0.052,0.157,0.157
LV007,0.299,0.34,0.025,0.025,0.052,0.157,0.157
LV008,0.299,0.34,0.025,0.025,0.052,0.157,0.157
LV009,0.299,0.34,0.025,0.025,0.052,0.157,0.157
LVZZZ,0.299,0.34,0.025,0.025,0.052,0.157,0.157
LT001,0.299,0.34,0.025,0.025,0.052,0.157,0.157
LT002,0.299,0.34,0.025,0.025,0.052,0.157,0.157
LT003,0.299,0.34,0.025,0.025,0.052,0.157,0.157
LT004,0.299,0.34,0.025,0.025,0.052,0.157,0.157
LT005,0.299,0.34,0.025,0.025,0.052,0.157,0.157
LT006,0.299,0.34,0.025,0.025,0.052,0.157,0.157
LT007,0.299,0.34,0.025,0.025,0.052,0.157,0.157
LT008,0.299,0.34,0.025,0.025,0.052,0.157,0.157
LT009,0.299,0.34,0.025,0.025,0.052,0.157,0.157
LT00A,0.299,0.34,0.025,0.025,0.052,0.157,0.157
LTZZZ,0.299,0.34,0.025,0.025,0.052,0.157,0.157
LU000,0.299,0.34,0.025,0.025,0.052,0.157,0.157
LUZZZ,0.299,0.34,0.025,0.025,0.052,0.157,0.157
HU101,0.299,0.34,0.025,0.025,0.052,0.157,0.157
HU102,0.299,0.34,0.025,0.025,0.052,0.157,0.157
HU211,0.299,0.34,0.025,0.025,0.052,0.157,0.157
HU212,0.299,0.34,0.025,0.025,0.052,0.157,0.157
HU213,0.299,0.34,0.025,0.025,0.052,0.157,0.157
HU221,0.299,0.34,0.025,0.025,0.052,0.157,0.157
HU222,0.299,0.34,0.025,0.025,0.052,0.157,0.157
HU223,0.299,0.34,0.025,0.025,0.052,0.157,0.157
HU231,0.299,0.34,0.025,0.025,0.052,0.157,0.157
HU232,0.299,0.34,0.025,0.025,0.052,0.157,0.157
HU233,0.299,0.34,0.025,0.025,0.052,0.157,0.157
HU311,0.299,0.34,0.025,0.025,0.052,0.157,0.157
HU312,0.299,0.34,0.025,0.025,0.052,0.157,0.157
HU313,0.299,0.34,0.025,0.025,0.052,0.157,0.157
HU321,0.299,0.34,0.025,0.025,0.052,0.157,0.157
HU322,0.299,0.34,0.025,0.025,0.052,0.157,0.157
HU323,0.299,0.34,0.025,0.025,0.052,0.157,0.157
HU331,0.299,0.34,0.025,0.025,0.052,0.157,0.157
HU332,0.299,0.34,0.025,0.025,0.052,0.157,0.157
HU333,0.299,0.34,0.025,0.025,0.052,0.157,0.157
HUZZZ,0.299,0.34,0.025,0.025,0.052,0.157,0.157
MT001,0.299,0.34,0.025,0.025,0.052,0.157,0.157
MT002,0.299,0.34,0.025,0.025,0.052,0.157,0.157
MTZZZ,0.299,0.34,0.025,0.025,0.052,0.157,0.157
NL111,0.299,0.34,0.025,0.025,0.052,0.157,0.157
NL112,0.299,0.34,0.025,0.025,0.052,0.157,0.157
NL113,0.299,0.34,0.025,0.025,0.052,0.157,0.157
NL121,0.299,0.34,0.025,0.025,0.052,0.157,0.157
NL122,0.299,0.34,0.025,0.025,0.052,0.157,0.157
NL123,0.299,0.34,0.025,0.025,0.052,0.157,0.157
NL131,0.299,0.34,0.025,0.025,0.052,0.157,0.157
NL132,0.299,0.34,0.025,0.025,0.052,0.157,0.157
NL133,0.299,0.34,0.025,0.025,0.052,0.157,0.157
NL211,0.299,0.34,0.025,0.025,0.052,0.157,0.157
NL212,0.299,0.34,0.025,0.025,0.052,0.157,0.157
NL213,0.299,0.34,0.025,0.025,0.052,0.157,0.157
NL221,0.299,0.34,0.025,0.025,0.052,0.157,0.157
NL224,0.299,0.34,0.025,0.025,0.052,0.157,0.157
NL225,0.299,0.34,0.025,0.025,0.052,0.157,0.157
NL226,0.299,0.34,0.025,0.025,0.052,0.157,0.157
NL230,0.299,0.34,0.025,0.025,0.052,0.157,0.157
NL310,0.299,0.34,0.025,0.025,0.052,0.157,0.157
NL321,0.299,0.34,0.025,0.025,0.052,0.157,0.157
NL322,0.299,0.34,0.025,0.025,0.052,0.157,0.157
NL323,0.299,0.34,0.025,0.025,0.052,0.157,0.157
NL324,0.299,0.34,0.025,0.025,0.052,0.157,0.157
NL325,0.299,0.34,0.025,0.025,0.052,0.157,0.157
NL326,0.299,0.34,0.025,0.025,0.052,0.157,0.157
NL327,0.299,0.34,0.025,0.025,0.052,0.157,0.157
NL332,0.299,0.34,0.025,0.025,0.052,0.157,0.157
NL333,0.299,0.34,0.025,0.025,0.052,0.157,0.157
NL337,0.299,0.34,0.025,0.025,0.052,0.157,0.157
NL338,0.299,0.34,0.025,0.025,0.052,0.157,0.157
NL339,0.299,0.34,0.025,0.025,0.052,0.157,0.157
NL33A,0.299,0.34,0.025,0.025,0.052,0.157,0.157
NL341,0.299,0.34,0.025,0.025,0.052,0.157,0.157
NL342,0.299,0.34,0.025,0.025,0.052,0.157,0.157
NL411,0.299,0.34,0.025,0.025,0.052,0.157,0.157
NL412,0.299,0.34,0.025,0.025,0.052,0.157,0.157
NL413,0.299,0.34,0.025,0.025,0.052,0.157,0.157
NL414,0.299,0.34,0.025,0.025,0.052,0.157,0.157
NL421,0.299,0.34,0.025,0.025,0.052,0.157,0.157
NL422,0.299,0.34,0.025,0.025,0.052,0.157,0.157
NL423,0.299,0.34,0.025,0.025,0.052,0.157,0.157
NLZZZ,0.299,0.34,0.025,0.025,0.052,0.157,0.157
AT111,0.299,0.34,0.025,0.025,0.052,0.157,0.157
AT112,0.299,0.34,0.025,0.025,0.052,0.157,0.157
AT113,0.299,0.34,0.025,0.025,0.052,0.157,0.157
AT121,0.299,0.34,0.025,0.025,0.052,0.157,0.157
AT122,0.299,0.34,0.025,0.025,0.052,0.157,0.157
AT123,0.299,0.34,0.025,0.025,0.052,0.157,0.157
AT124,0.299,0.34,0.025,0.025,0.052,0.157,0.157
AT125,0.299,0.34,0.025,0.025,0.052,0.157,0.157
AT126,0.299,0.34,0.025,0.025,0.052,0.157,0.157
AT127,0.299,0.34,0.025,0.025,0.052,0.157,0.157
AT130,0.299,0.34,0.025,0.025,0.052,0.157,0.157
AT211,0.299,0.34,0.025,0.025,0.052,0.157,0.157
AT212,0.299,0.34,0.025,0.025,0.052,0.157,0.157
AT213,0.299,0.34,0.025,0.025,0.052,0.157,0.157
AT221,0.299,0.34,0.025,0.025,0.052,0.157,0.157
AT222,0.299,0.34,0.025,0.025,0.052,0.157,0.157
AT223,0.299,0.34,0.025,0.025,0.052,0.157,0.157
AT224,0.299,0.34,0.025,0.025,0.052,0.157,0.157
AT225,0.299,0.34,0.025,0.025,0.052,0.157,0.157
AT226,0.299,0.34,0.025,0.025,0.052,0.157,0.157
AT311,0.299,0.34,0.025,0.025,0.052,0.157,0.157
AT312,0.299,0.34,0.025,0.025,0.052,0.157,0.157
AT313,0.299,0.34,0.025,0.025,0.052,0.157,0.157
AT314,0.299,0.34,0.025,0.025,0.052,0.157,0.157
AT315,0.299,0.34,0.025,0.025,0.052,0.157,0.157
AT321,0.299,0.34,0.025,0.025,0.052,0.157,0.157
AT322,0.299,0.34,0.025,0.025,0.052,0.157,0.157
AT323,0.299,0.34,0.025,0.025,0.052,0.157,0.157
AT331,0.299,0.34,0.025,0.025,0.052,0.157,0.157
AT332,0.299,0.34,0.025,0.025,0.052,0.157,0.157
AT333,0.299,0.34,0.025,0.025,0.052,0.157,0.157
AT334,0.299,0.34,0.025,0.025,0.052,0.157,0.157
AT335,0.299,0.34,0.025,0.025,0.052,0.157,0.157
AT341,0.299,0.34,0.025,0.025,0.052,0.157,0.157
AT342,0.299,0.34,0.025,0.025,0.052,0.157,0.157
ATZZZ,0.299,0.34,0.025,0.025,0.052,0.157,0.157
PL113,0.299,0.34,0.025,0.025,0.052,0.157,0.157
PL114,0.299,0.34,0.025,0.025,0.052,0.157,0.157
PL115,0.299,0.34,0.025,0.025,0.052,0.157,0.157
PL116,0.299,0.34,0.025,0.025,0.052,0.157,0.157
PL117,0.299,0.34,0.025,0.025,0.052,0.157,0.157
PL127,0.299,0.34,0.025,0.025,0.052,0.157,0.157
PL128,0.299,0.34,0.025,0.025,0.052,0.157,0.157
PL129,0.299,0.34,0.025,0.025,0.052,0.157,0.157
PL12A,0.299,0.34,0.025,0.025,0.052,0.157,0.157
PL12B,0.299,0.34,0.025,0.025,0.052,0.157,0.157
PL12C,0.299,0.34,0.025,0.025,0.052,0.157,0.157
PL12D,0.299,0.34,0.025,0.025,0.052,0.157,0.157
PL12E,0.299,0.34,0.025,0.025,0.052,0.157,0.157
PL213,0.299,0.34,0.025,0.025,0.052,0.157,0.157
PL214,0.299,0.34,0.025,0.025,0.052,0.157,0.157
PL217,0.299,0.34,0.025,0.025,0.052,0.157,0.157
PL218,0.299,0.34,0.025,0.025,0.052,0.157,0.157
PL219,0.299,0.34,0.025,0.025,0.052,0.157,0.157
PL21A,0.299,0.34,0.025,0.025,0.052,0.157,0.157
PL224,0.299,0.34,0.025,0.025,0.052,0.157,0.157
PL225,0.299,0.34,0.025,0.025,0.052,0.157,0.157
PL227,0.299,0.34,0.025,0.025,0.052,0.157,0.157
PL228,0.299,0.34,0.025,0.025,0.052,0.157,0.157
PL229,0.299,0.34,0.025,0.025,0.052,0.157,0.157
PL22A,0.299,0.34,0.025,0.025,0.052,0.157,0.157
PL22B,0.299,0.34,0.025,0.025,0.052,0.157,0.157
PL22C,0.299,0.34,0.025,0.025,0.052,0.157,0.157
PL311,0.299,0.34,0.025,0.025,0.052,0.157,0.157
PL312,0.299,0.34,0.025,0.025,0.052,0.157,0.157
PL314,0.299,0.34,0.025,0.025,0.052,0.157,0.157
PL315,0.299,0.34,0.025,0.025,0.052,0.157,0.157
PL323,0.299,0.34,0.025,0.025,0.052,0.157,0.157
PL324,0.299,0.34,0.025,0.025,0.052,0.157,0.157
PL325,0.299,0.34,0.025,0.025,0.052,0.157,0.157
PL326,0.299,0.34,0.025,0.025,0.052,0.157,0.157
PL331,0.299,0.34,0.025,0.025,0.052,0.157,0.157
PL332,0.299,0.34,0.025,0.025,0.052,0.157,0.157
PL343,0.299,0.34,0.025,0.025,0.052,0.157,0.157
PL344,0.299,0.34,0.025,0.025,0.052,0.157,0.157
PL345,0.299,0.34,0.025,0.025,0.052,0.157,0.157
PL411,0.299,0.34,0.025,0.025,0.052,0.157,0.157
PL414,0.299,0.34,0.025,0.025,0.052,0.157,0.157
PL415,0.299,0.34,0.025,0.025,0.052,0.157,0.157
PL416,0.299,0.34,0.025,0.025,0.052,0.157,0.157
PL417,0.299,0.34,0.025,0.025,0.052,0.157,0.157
PL418,0.299,0.34,0.025,0.025,0.052,0.157,0.157
PL424,0.299,0.34,0.025,0.025,0.052,0.157,0.157
PL426,0.299,0.34,0.025,0.025,0.052,0.157,0.157
PL427,0.299,0.34,0.025,0.025,0.052,0.157,0.157
PL428,0.299,0.34,0.025,0.025,0.052,0.157,0.157
PL431,0.299,0.34,0.025,0.025,0.052,0.157,0.157
PL432,0.299,0.34,0.025,0.025,0.052,0.157,0.157
PL514,0.299,0.34,0.025,0.025,0.052,0.157,0.157
PL515,0.299,0.34,0.025,0.025,0.052,0.157,0.157
PL516,0.299,0.34,0.025,0.025,0.052,0.157,0.157
PL517,0.299,0.34,0.025,0.025,0.052,0.157,0.157
PL518,0.299,0.34,0.025,0.025,0.052,0.157,0.157
PL523,0.299,0.34,0.025,0.025,0.052,0.157,0.157
PL524,0.299,0.34,0.025,0.025,0.052,0.157,0.157
PL613,0.299,0.34,0.025,0.025,0.052,0.157,0.157
PL616,0.299,0.34,0.025,0.025,0.052,0.157,0.157
PL617,0.299,0.34,0.025,0.025,0.052,0.157,0.157
PL618,0.299,0.34,0.025,0.025,0.052,0.157,0.157
PL619,0.299,0.34,0.025,0.025,0.052,0.157,0.157
PL621,0.299,0.34,0.025,0.025,0.052,0.157,0.157
PL622,0.299,0.34,0.025,0.025,0.052,0.157,0.157
PL623,0.299,0.34,0.025,0.025,0.052,0.157,0.157
PL633,0.299,0.34,0.025,0.025,0.052,0.157,0.157
PL634,0.299,0.34,0.025,0.025,0.052,0.157,0.157
PL636,0.299,0.34,0.025,0.025,0.052,0.157,0.157
PL637,0.299,0.34,0.025,0.025,0.052,0.157,0.157
PL638,0.299,0.34,0.025,0.025,0.052,0.157,0.157
PLZZZ,0.299,0.34,0.025,0.025,0.052,0.157,0.157
PT111,0.299,0.34,0.025,0.025,0.052,0.157,0.157
PT112,0.299,0.34,0.025,0.025,0.052,0.157,0.157
PT119,0.299,0.34,0.025,0.025,0.052,0.157,0.157
PT11A,0.299,0.34,0.025,0.025,0.052,0.157,0.157
PT11B,0.299,0.34,0.025,0.025,0.052,0.157,0.157
PT11C,0.299,0.34,0.025,0.025,0.052,0.157,0.157
PT11D,0.299,0.34,0.025,0.025,0.052,0.157,0.157
PT11E,0.299,0.34,0.025,0.025,0.052,0.157,0.157
PT150,0.299,0.34,0.025,0.025,0.052,0.157,0.157
PT16B,0.299,0.34,0.025,0.025,0.052,0.157,0.157
PT16D,0.299,0.34,0.025,0.025,0.052,0.157,0.157
PT16E,0.299,0.34,0.025,0.025,0.052,0.157,0.157
PT16F,0.299,0.34,0.025,0.025,0.052,0.157,0.157
PT16G,0.299,0.34,0.025,0.025,0.052,0.157,0.157
PT16H,0.299,0.34,0.025,0.025,0.052,0.157,0.157
PT16I,0.299,0.34,0.025,0.025,0.052,0.157,0.157
PT16J,0.299,0.34,0.025,0.025,0.052,0.157,0.157
PT170,0.299,0.34,0.025,0.025,0.052,0.157,0.157
PT181,0.299,0.34,0.025,0.025,0.052,0.157,0.157
PT184,0.299,0.34,0.025,0.025,0.052,0.157,0.157
PT185,0.299,0.34,0.025,0.025,0.052,0.157,0.157
PT186,0.299,0.34,0.025,0.025,0.052,0.157,0.157
PT187,0.299,0.34,0.025,0.025,0.052,0.157,0.157
PT200,0.299,0.34,0.025,0.025,0.052,0.157,0.157
PT300,0.299,0.34,0.025,0.025,0.052,0.157,0.157
PTZZZ,0.299,0.34,0.025,0.025,0.052,0.157,0.157
RO111,0.299,0.34,0.025,0.025,0.052,0.157,0.157
RO112,0.299,0.34,0.025,0.025,0.052,0.157,0.157
RO113,0.299,0.34,0.025,0.025,0.052,0.157,0.157
RO114,0.299,0.34,0.025,0.025,0.052,0.157,0.157
RO115,0.299,0.34,0.025,0.025,0.052,0.157,0.157
RO116,0.299,0.34,0.025,0.025,0.052,0.157,0.157
RO121,0.299,0.34,0.025,0.025,0.052,0.157,0.157
RO122,0.299,0.34,0.025,0.025,0.052,0.157,0.157
RO123,0.299,0.34,0.025,0.025,0.052,0.157,0.157
RO124,0.299,0.34,0.025,0.025,0.052,0.157,0.157
RO125,0.299,0.34,0.025,0.025,0.052,0.157,0.157
RO126,0.299,0.34,0.025,0.025,0.052,0.157,0.157
RO211,0.299,0.34,0.025,0.025,0.052,0.157,0.157
RO212,0.299,0.34,0.025,0.025,0.052,0.157,0.157
RO213,0.299,0.34,0.025,0.025,0.052,0.157,0.157
RO214,0.299,0.34,0.025,0.025,0.052,0.157,0.157
RO215,0.299,0.34,0.025,0.025,0.052,0.157,0.157
RO216,0.299,0.34,0.025,0.025,0.052,0.157,0.157
RO221,0.299,0.34,0.025,0.025,0.052,0.157,0.157
RO222,0.299,0.34,0.025,0.025,0.052,0.157,0.157
RO223,0.299,0.34,0.025,0.025,0.052,0.157,0.157
RO224,0.299,0.34,0.025,0.025,0.052,0.157,0.157
RO225,0.299,0.34,0.025,0.025,0.052,0.157,0.157
RO226,0.299,0.34,0.025,0.025,0.052,0.157,0.157
RO311,0.299,0.34,0.025,0.025,0.052,0.157,0.157
RO312,0.299,0.34,0.025,0.025,0.052,0.157,0.157
RO313,0.299,0.34,0.025,0.025,0.052,0.157,0.157
RO314,0.299,0.34,0.025,0.025,0.052,0.157,0.157
RO315,0.299,0.34,0.025,0.025,0.052,0.157,0.157
RO316,0.299,0.34,0.025,0.025,0.052,0.157,0.157
RO317,0.299,0.34,0.025,0.025,0.052,0.157,0.157
RO321,0.299,0.34,0.025,0.025,0.052,0.157,0.157
RO322,0.299,0.34,0.025,0.025,0.052,0.157,0.157
RO411,0.299,0.34,0.025,0.025,0.052,0.157,0.157
RO412,0.299,0.34,0.025,0.025,0.052,0.157,0.157
RO413,0.299,0.34,0.025,0.025,0.052,0.157,0.157
RO414,0.299,0.34,0.025,0.025,0.052,0.157,0.157
RO415,0.299,0.34,0.025,0.025,0.052,0.157,0.157
RO421,0.299,0.34,0.025,0.025,0.052,0.157,0.157
RO422,0.299,0.34,0.025,0.025,0.052,0.157,0.157
RO423,0.299,0.34,0.025,0.025,0.052,0.157,0.157
RO424,0.299,0.34,0.025,0.025,0.052,0.157,0.157
ROZZZ,0.299,0.34,0.025,0.025,0.052,0.157,0.157
SI031,0.299,0.34,0.025,0.025,0.052,0.157,0.157
SI032,0.299,0.34,0.025,0.025,0.052,0.157,0.157
SI033,0.299,0.34,0.025,0.025,0.052,0.157,0.157
SI034,0.299,0.34,0.025,0.025,0.052,0.157,0.157
SI035,0.299,0.34,0.025,0.025,0.052,0.157,0.157
SI036,0.299,0.34,0.025,0.025,0.052,0.157,0.157
SI037,0.299,0.34,0.025,0.025,0.052,0.157,0.157
SI038,0.299,0.34,0.025,0.025,0.052,0.157,0.157
SI041,0.299,0.34,0.025,0.025,0.052,0.157,0.157
SI042,0.299,0.34,0.025,0.025,0.052,0.157,0.157
SI043,0.299,0.34,0.025,0.025,0.052,0.157,0.157
SI044,0.299,0.34,0.025,0.025,0.052,0.157,0.157
SIZZZ,0.299,0.34,0.025,0.025,0.052,0.157,0.157
SK010,0.299,0.34,0.025,0.025,0.052,0.157,0.157
SK021,0.299,0.34,0.025,0.025,0.052,0.157,0.157
SK022,0.299,0.34,0.025,0.025,0.052,0.157,0.157
SK023,0.299,0.34,0.025,0.025,0.052,0.157,0.157
SK031,0.299,0.34,0.025,0.025,0.052,0.157,0.157
SK032,0.299,0.34,0.025,0.025,0.052,0.157,0.157
SK041,0.299,0.34,0.025,0.025,0.052,0.157,0.157
SK042,0.299,0.34,0.025,0.025,0.052,0.157,0.157
SKZZZ,0.299,0.34,0.025,0.025,0.052,0.157,0.157
FI193,0.299,0.34,0.025,0.025,0.052,0.157,0.157
FI194,0.299,0.34,0.025,0.025,0.052,0.157,0.157
FI195,0.299,0.34,0.025,0.025,0.052,0.157,0.157
FI196,0.299,0.34,0.025,0.025,0.052,0.157,0.157
FI197,0.299,0.34,0.025,0.025,0.052,0.157,0.157
FI1B1,0.299,0.34,0.025,0.025,0.052,0.157,0.157
FI1C1,0.299,0.34,0.025,0.025,0.052,0.157,0.157
FI1C2,0.299,0.34,0.025,0.025,0.052,0.157,0.157
FI1C3,0.299,0.34,0.025,0.025,0.052,0.157,0.157
FI1C4,0.299,0.34,0.025,0.025,0.052,0.157,0.157
FI1C5,0.299,0.34,0.025,0.025,0.052,0.157,0.157
FI1D1,0.299,0.34,0.025,0.025,0.052,0.157,0.157
FI1D2,0.299,0.34,0.025,0.025,0.052,0.157,0.157
FI1D3,0.299,0.34,0.025,0.025,0.052,0.157,0.157
FI1D4,0.299,0.34,0.025,0.025,0.052,0.157,0.157
FI1D5,0.299,0.34,0.025,0.025,0.052,0.157,0.157
FI1D6,0.299,0.34,0.025,0.025,0.052,0.157,0.157
FI1D7,0.299,0.34,0.025,0.025,0.052,0.157,0.157
FI200,0.299,0.34,0.025,0.025,0.052,0.157,0.157
FIZZZ,0.299,0.34,0.025,0.025,0.052,0.157,0.157
SE110,0.299,0.34,0.025,0.025,0.052,0.157,0.157
SE121,0.299,0.34,0.025,0.025,0.052,0.157,0.157
SE122,0.299,0.34,0.025,0.025,0.052,0.157,0.157
SE123,0.299,0.34,0.025,0.025,0.052,0.157,0.157
SE124,0.299,0.34,0.025,0.025,0.052,0.157,0.157
SE125,0.299,0.34,0.025,0.025,0.052,0.157,0.157
SE211,0.299,0.34,0.025,0.025,0.052,0.157,0.157
SE212,0.299,0.34,0.025,0.025,0.052,0.157,0.157
SE213,0.299,0.34,0.025,0.025,0.052,0.157,0.157
SE214,0.299,0.34,0.025,0.025,0.052,0.157,0.157
SE221,0.299,0.34,0.025,0.025,0.052,0.157,0.157
SE224,0.299,0.34,0.025,0.025,0.052,0.157,0.157
SE231,0.299,0.34,0.025,0.025,0.052,0.157,0.157
SE232,0.299,0.34,0.025,0.025,0.052,0.157,0.157
SE311,0.299,0.34,0.025,0.025,0.052,0.157,0.157
SE312,0.299,0.34,0.025,0.025,0.052,0.157,0.157
SE313,0.299,0.34,0.025,0.025,0.052,0.157,0.157
SE321,0.299,0.34,0.025,0.025,0.052,0.157,0.157
SE322,0.299,0.34,0.025,0.025,0.052,0.157,0.157
SE331,0.299,0.34,0.025,0.025,0.052,0.157,0.157
SE332,0.299,0.34,0.025,0.025,0.052,0.157,0.157
SEZZZ,0.299,0.34,0.025,0.025,0.052,0.157,0.157
UKC11,0.299,0.34,0.025,0.025,0.052,0.157,0.157
UKC12,0.299,0.34,0.025,0.025,0.052,0.157,0.157
UKC13,0.299,0.34,0.025,0.025,0.052,0.157,0.157
UKC14,0.299,0.34,0.025,0.025,0.052,0.157,0.157
UKC21,0.299,0.34,0.025,0.025,0.052,0.157,0.157
UKC22,0.299,0.34,0.025,0.025,0.052,0.157,0.157
UKC23,0.299,0.34,0.025,0.025,0.052,0.157,0.157
UKD11,0.299,0.34,0.025,0.025,0.052,0.157,0.157
UKD12,0.299,0.34,0.025,0.025,0.052,0.157,0.157
UKD33,0.299,0.34,0.025,0.025,0.052,0.157,0.157
UKD34,0.299,0.34,0.025,0.025,0.052,0.157,0.157
UKD35,0.299,0.34,0.025,0.025,0.052,0.157,0.157
UKD36,0.299,0.34,0.025,0.025,0.052,0.157,0.157
UKD37,0.299,0.34,0.025,0.025,0.052,0.157,0.157
UKD41,0.299,0.34,0.025,0.025,0.052,0.157,0.157
UKD42,0.299,0.34,0.025,0.025,0.052,0.157,0.157
UKD44,0.299,0.34,0.025,0.025,0.052,0.157,0.157
UKD45,0.299,0.34,0.025,0.025,0.052,0.157,0.157
UKD46,0.299,0.34,0.025,0.025,0.052,0.157,0.157
UKD47,0.299,0.34,0.025,0.025,0.052,0.157,0.157
UKD61,0.299,0.34,0.025,0.025,0.052,0.157,0.157
UKD62,0.299,0.34,0.025,0.025,0.052,0.157,0.157
UKD63,0.299,0.34,0.025,0.025,0.052,0.157,0.157
UKD71,0.299,0.34,0.025,0.025,0.052,0.157,0.157
UKD72,0.299,0.34,0.025,0.025,0.052,0.157,0.157
UKD73,0.299,0.34,0.025,0.025,0.052,0.157,0.157
UKD74,0.299,0.34,0.025,0.025,0.052,0.157,0.157
UKE11,0.299,0.34,0.025,0.025,0.052,0.157,0.157
UKE12,0.299,0.34,0.025,0.025,0.052,0.157,0.157
UKE13,0.299,0.34,0.025,0.025,0.052,0.157,0.157
UKE21,0.299,0.34,0.025,0.025,0.052,0.157,0.157
UKE22,0.299,0.34,0.025,0.025,0.052,0.157,0.157
UKE31,0.299,0.34,0.025,0.025,0.052,0.157,0.157
UKE32,0.299,0.34,0.025,0.025,0.052,0.157,0.157
UKE41,0.299,0.34,0.025,0.025,0.052,0.157,0.157
UKE42,0.299,0.34,0.025,0.025,0.052,0.157,0.157
UKE44,0.299,0.34,0.025,0.025,0.052,0.157,0.157
UKE45,0.299,0.34,0.025,0.025,0.052,0.157,0.157
UKF11,0.299,0.34,0.025,0.025,0.052,0.157,0.157
UKF12,0.299,0.34,0.025,0.025,0.052,0.157,0.157
UKF13,0.299,0.34,0.025,0.025,0.052,0.157,0.157
UKF14,0.299,0.34,0.025,0.025,0.052,0.157,0.157
UKF15,0.299,0.34,0.025,0.025,0.052,0.157,0.157
UKF16,0.299,0.34,0.025,0.025,0.052,0.157,0.157
UKF21,0.299,0.34,0.025,0.025,0.052,0.157,0.157
UKF22,0.299,0.34,0.025,0.025,0.052,0.157,0.157
UKF24,0.299,0.34,0.025,0.025,0.052,0.157,0.157
UKF25,0.299,0.34,0.025,0.025,0.052,0.157,0.157
UKF30,0.299,0.34,0.025,0.025,0.052,0.157,0.157
UKG11,0.299,0.34,0.025,0.025,0.052,0.157,0.157
UKG12,0.299,0.34,0.025,0.025,0.052,0.157,0.157
UKG13,0.299,0.34,0.025,0.025,0.052,0.157,0.157
UKG21,0.299,0.34,0.025,0.025,0.052,0.157,0.157
UKG22,0.299,0.34,0.025,0.025,0.052,0.157,0.157
UKG23,0.299,0.34,0.025,0.025,0.052,0.157,0.157
UKG24,0.299,0.34,0.025,0.025,0.052,0.157,0.157
UKG31,0.299,0.34,0.025,0.025,0.052,0.157,0.157
UKG32,0.299,0.34,0.025,0.025,0.052,0.157,0.157
UKG33,0.299,0.34,0.025,0.025,0.052,0.157,0.157
UKG36,0.299,0.34,0.025,0.025,0.052,0.157,0.157
UKG37,0.299,0.34,0.025,0.025,0.052,0.157,0.157
UKG38,0.299,0.34,0.025,0.025,0.052,0.157,0.157
UKG39,0.299,0.34,0.025,0.025,0.052,0.157,0.157
UKH11,0.299,0.34,0.025,0.025,0.052,0.157,0.157
UKH12,0.299,0.34,0.025,0.025,0.052,0.157,0.157
UKH14,0.299,0.34,0.025,0.025,0.052,0.157,0.157
UKH15,0.299,0.34,0.025,0.025,0.052,0.157,0.157
UKH16,0.299,0.34,0.025,0.025,0.052,0.157,0.157
UKH17,0.299,0.34,0.025,0.025,0.052,0.157,0.157
UKH21,0.299,0.34,0.025,0.025,0.052,0.157,0.157
UKH23,0.299,0.34,0.025,0.025,0.052,0.157,0.157
UKH24,0.299,0.34,0.025,0.025,0.052,0.157,0.157
UKH25,0.299,0.34,0.025,0.025,0.052,0.157,0.157
UKH31,0.299,0.34,0.025,0.025,0.052,0.157,0.157
UKH32,0.299,0.34,0.025,0.025,0.052,0.157,0.157
UKH34,0.299,0.34,0.025,0.025,0.052,0.157,0.157
UKH35,0.299,0.34,0.025,0.025,0.052,0.157,0.157
UKH36,0.299,0.34,0.025,0.025,0.052,0.157,0.157
UKH37,0.299,0.34,0.025,0.025,0.052,0.157,0.157
UKI31,0.299,0.34,0.025,0.025,0.052,0.157,0.157
UKI32,0.299,0.34,0.025,0.025,0.052,0.157,0.157
UKI33,0.299,0.34,0.025,0.025,0.052,0.157,0.157
UKI34,0.299,0.34,0.025,0.025,0.052,0.157,0.157
UKI41,0.299,0.34,0.025,0.025,0.052,0.157,0.157
UKI42,0.299,0.34,0.025,0.025,0.052,0.157,0.157
UKI43,0.299,0.34,0.025,0.025,0.052,0.157,0.157
UKI44,0.299,0.34,0.025,0.025,0.052,0.157,0.157
UKI45,0.299,0.34,0.025,0.025,0.052,0.157,0.157
UKI51,0.299,0.34,0.025,0.025,0.052,0.157,0.157
UKI52,0.299,0.34,0.025,0.025,0.052,0.157,0.157
UKI53,0.299,0.34,0.025,0.025,0.052,0.157,0.157
UKI54,0.299,0.34,0.025,0.025,0.052,0.157,0.157
UKI61,0.299,0.34,0.025,0.025,0.052,0.157,0.157
UKI62,0.299,0.34,0.025,0.025,0.052,0.157,0.157
UKI63,0.299,0.34,0.025,0.025,0.052,0.157,0.157
UKI71,0.299,0.34,0.025,0.025,0.052,0.157,0.157
UKI72,0.299,0.34,0.025,0.025,0.052,0.157,0.157
UKI73,0.299,0.34,0.025,0.025,0.052,0.157,0.157
UKI74,0.299,0.34,0.025,0.025,0.052,0.157,0.157
UKI75,0.299,0.34,0.025,0.025,0.052,0.157,0.157
UKJ11,0.299,0.34,0.025,0.025,0.052,0.157,0.157
UKJ12,0.299,0.34,0.025,0.025,0.052,0.157,0.157
UKJ13,0.299,0.34,0.025,0.025,0.052,0.157,0.157
UKJ14,0.299,0.34,0.025,0.025,0.052,0.157,0.157
UKJ21,0.299,0.34,0.025,0.025,0.052,0.157,0.157
UKJ22,0.299,0.34,0.025,0.025,0.052,0.157,0.157
UKJ25,0.299,0.34,0.025,0.025,0.052,0.157,0.157
UKJ26,0.299,0.34,0.025,0.025,0.052,0.157,0.157
UKJ27,0.299,0.34,0.025,0.025,0.052,0.157,0.157
UKJ28,0.299,0.34,0.025,0.025,0.052,0.157,0.157
UKJ31,0.299,0.34,0.025,0.025,0.052,0.157,0.157
UKJ32,0.299,0.34,0.025,0.025,0.052,0.157,0.157
UKJ34,0.299,0.34,0.025,0.025,0.052,0.157,0.157
UKJ35,0.299,0.34,0.025,0.025,0.052,0.157,0.157
UKJ36,0.299,0.34,0.025,0.025,0.052,0.157,0.157
UKJ37,0.299,0.34,0.025,0.025,0.052,0.157,0.157
UKJ41,0.299,0.34,0.025,0.025,0.052,0.157,0.157
UKJ43,0.299,0.34,0.025,0.025,0.052,0.157,0.157
UKJ44,0.299,0.34,0.025,0.025,0.052,0.157,0.157
UKJ45,0.299,0.34,0.025,0.025,0.052,0.157,0.157
UKJ46,0.299,0.34,0.025,0.025,0.052,0.157,0.157
UKK11,0.299,0.34,0.025,0.025,0.052,0.157,0.157
UKK12,0.299,0.34,0.025,0.025,0.052,0.157,0.157
UKK13,0.299,0.34,0.025,0.025,0.052,0.157,0.157
UKK14,0.299,0.34,0.025,0.025,0.052,0.157,0.157
UKK15,0.299,0.34,0.025,0.025,0.052,0.157,0.157
UKK21,0.299,0.34,0.025,0.025,0.052,0.157,0.157
UKK22,0.299,0.34,0.025,0.025,0.052,0.157,0.157
UKK23,0.299,0.34,0.025,0.025,0.052,0.157,0.157
UKK30,0.299,0.34,0.025,0.025,0.052,0.157,0.157
UKK41,0.299,0.34,0.025,0.025,0.052,0.157,0.157
UKK42,0.299,0.34,0.025,0.025,0.052,0.157,0.157
UKK43,0.299,0.34,0.025,0.025,0.052,0.157,0.157
UKL11,0.299,0.34,0.025,0.025,0.052,0.157,0.157
UKL12,0.299,0.34,0.025,0.025,0.052,0.157,0.157
UKL13,0.299,0.34,0.025,0.025,0.052,0.157,0.157
UKL14,0.299,0.34,0.025,0.025,0.052,0.157,0.157
UKL15,0.299,0.34,0.025,0.025,0.052,0.157,0.157
UKL16,0.299,0.34,0.025,0.025,0.052,0.157,0.157
UKL17,0.299,0.34,0.025,0.025,0.052,0.157,0.157
UKL18,0.299,0.34,0.025,0.025,0.052,0.157,0.157
UKL21,0.299,0.34,0.025,0.025,0.052,0.157,0.157
UKL22,0.299,0.34,0.025,0.025,0.052,0.157,0.157
UKL23,0.299,0.34,0.025,0.025,0.052,0.157,0.157
UKL24,0.299,0.34,0.025,0.025,0.052,0.157,0.157
UKM21,0.299,0.34,0.025,0.025,0.052,0.157,0.157
UKM22,0.299,0.34,0.025,0.025,0.052,0.157,0.157
UKM23,0.299,0.34,0.025,0.025,0.052,0.157,0.157
UKM24,0.299,0.34,0.025,0.025,0.052,0.157,0.157
UKM25,0.299,0.34,0.025,0.025,0.052,0.157,0.157
UKM26,0.299,0.34,0.025,0.025,0.052,0.157,0.157
UKM27,0.299,0.34,0.025,0.025,0.052,0.157,0.157
UKM28,0.299,0.34,0.025,0.025,0.052,0.157,0.157
UKM31,0.299,0.34,0.025,0.025,0.052,0.157,0.157
UKM32,0.299,0.34,0.025,0.025,0.052,0.157,0.157
UKM33,0.299,0.34,0.025,0.025,0.052,0.157,0.157
UKM34,0.299,0.34,0.025,0.025,0.052,0.157,0.157
UKM35,0.299,0.34,0.025,0.025,0.052,0.157,0.157
UKM36,0.299,0.34,0.025,0.025,0.052,0.157,0.157
UKM37,0.299,0.34,0.025,0.025,0.052,0.157,0.157
UKM38,0.299,0.34,0.025,0.025,0.052,0.157,0.157
UKM50,0.299,0.34,0.025,0.025,0.052,0.157,0.157
UKM61,0.299,0.34,0.025,0.025,0.052,0.157,0.157
UKM62,0.299,0.34,0.025,0.025,0.052,0.157,0.157
UKM63,0.299,0.34,0.025,0.025,0.052,0.157,0.157
UKM64,0.299,0.34,0.025,0.025,0.052,0.157,0.157
UKM65,0.299,0.34,0.025,0.025,0.052,0.157,0.157
UKM66,0.299,0.34,0.025,0.025,0.052,0.157,0.157
UKN01,0.299,0.34,0.025,0.025,0.052,0.157,0.157
UKN02,0.299,0.34,0.025,0.025,0.052,0.157,0.157
UKN03,0.299,0.34,0.025,0.025,0.052,0.157,0.157
UKN04,0.299,0.34,0.025,0.025,0.052,0.157,0.157
UKN05,0.299,0.34,0.025,0.025,0.052,0.157,0.157
UKZZZ,0.299,0.34,0.025,0.025,0.052,0.157,0.157
